시도명,시군구명,계
서울특별시,종로구,11072
서울특별시,종로구,9011
서울특별시,종로구,2220
서울특별시,종로구,9045
서울특별시,종로구,17239
서울특별시,종로구,7869
서울특별시,종로구,9553
서울특별시,종로구,3795
서울특별시,종로구,6673
서울특별시,종로구,5297
서울특별시,종로구,7003
서울특별시,종로구,15910
서울특별시,종로구,4486
서울특별시,종로구,7342
서울특별시,종로구,6235
서울특별시,종로구,5745
서울특별시,종로구,10082
서울특별시,중구,2185
서울특별시,중구,4328
서울특별시,중구,2527
서울특별시,중구,4349
서울특별시,중구,4538
서울특별시,중구,5749
서울특별시,중구,3095
서울특별시,중구,7383
서울특별시,중구,13043
서울특별시,중구,15992
서울특별시,중구,12602
서울특별시,중구,10112
서울특별시,중구,9859
서울특별시,중구,13071
서울특별시,중구,12098
서울특별시,용산구,15807
서울특별시,용산구,8704
서울특별시,용산구,6754
서울특별시,용산구,18621
서울특별시,용산구,17036
서울특별시,용산구,13501
서울특별시,용산구,10464
서울특별시,용산구,11157
서울특별시,용산구,20938
서울특별시,용산구,24924
서울특별시,용산구,7718
서울특별시,용산구,6060
서울특별시,용산구,8492
서울특별시,용산구,14170
서울특별시,용산구,12488
서울특별시,용산구,7245
서울특별시,성동구,15982
서울특별시,성동구,26105
서울특별시,성동구,21360
서울특별시,성동구,12025
서울특별시,성동구,13747
서울특별시,성동구,22621
서울특별시,성동구,14729
서울특별시,성동구,14598
서울특별시,성동구,21323
서울특별시,성동구,14077
서울특별시,성동구,25313
서울특별시,성동구,15216
서울특별시,성동구,11727
서울특별시,성동구,14199
서울특별시,성동구,9682
서울특별시,성동구,9485
서울특별시,성동구,12098
서울특별시,광진구,22996
서울특별시,광진구,18748
서울특별시,광진구,15149
서울특별시,광진구,20205
서울특별시,광진구,15365
서울특별시,광진구,27301
서울특별시,광진구,10936
서울특별시,광진구,33823
서울특별시,광진구,21791
서울특별시,광진구,23447
서울특별시,광진구,27066
서울특별시,광진구,19685
서울특별시,광진구,22971
서울특별시,광진구,25336
서울특별시,광진구,27752
서울특별시,동대문구,38609
서울특별시,동대문구,22854
서울특별시,동대문구,32893
서울특별시,동대문구,17656
서울특별시,동대문구,27864
서울특별시,동대문구,27090
서울특별시,동대문구,37147
서울특별시,동대문구,32866
서울특별시,동대문구,18487
서울특별시,동대문구,10237
서울특별시,동대문구,13499
서울특별시,동대문구,24106
서울특별시,동대문구,17251
서울특별시,동대문구,19052
서울특별시,중랑구,23264
서울특별시,중랑구,17915
서울특별시,중랑구,14251
서울특별시,중랑구,32366
서울특별시,중랑구,20988
서울특별시,중랑구,23947
서울특별시,중랑구,22826
서울특별시,중랑구,20786
서울특별시,중랑구,18325
서울특별시,중랑구,23456
서울특별시,중랑구,33383
서울특별시,중랑구,17976
서울특별시,중랑구,38142
서울특별시,중랑구,15402
서울특별시,중랑구,37172
서울특별시,중랑구,19342
서울특별시,성북구,15861
서울특별시,성북구,21940
서울특별시,성북구,14963
서울특별시,성북구,14053
서울특별시,성북구,23267
서울특별시,성북구,15280
서울특별시,성북구,16028
서울특별시,성북구,17649
서울특별시,성북구,22164
서울특별시,성북구,14356
서울특별시,성북구,23885
서울특별시,성북구,35521
서울특별시,성북구,21397
서울특별시,성북구,37081
서울특별시,성북구,25232
서울특별시,성북구,18723
서울특별시,성북구,23069
서울특별시,성북구,12837
서울특별시,성북구,15400
서울특별시,성북구,33435
서울특별시,강북구,23821
서울특별시,강북구,20566
서울특별시,강북구,27930
서울특별시,강북구,23629
서울특별시,강북구,30267
서울특별시,강북구,16243
서울특별시,강북구,14621
서울특별시,강북구,16050
서울특별시,강북구,19617
서울특별시,강북구,20195
서울특별시,강북구,22749
서울특별시,강북구,19642
서울특별시,강북구,28604
서울특별시,도봉구,23722
서울특별시,도봉구,27715
서울특별시,도봉구,12927
서울특별시,도봉구,26327
서울특별시,도봉구,23683
서울특별시,도봉구,19626
서울특별시,도봉구,26011
서울특별시,도봉구,20555
서울특별시,도봉구,17616
서울특별시,도봉구,16171
서울특별시,도봉구,17895
서울특별시,도봉구,27278
서울특별시,도봉구,18104
서울특별시,도봉구,25838
서울특별시,노원구,20349
서울특별시,노원구,25220
서울특별시,노원구,28284
서울특별시,노원구,35576
서울특별시,노원구,41317
서울특별시,노원구,25937
서울특별시,노원구,20880
서울특별시,노원구,22677
서울특별시,노원구,26184
서울특별시,노원구,18897
서울특별시,노원구,31770
서울특별시,노원구,36468
서울특별시,노원구,18903
서울특별시,노원구,27174
서울특별시,노원구,22603
서울특별시,노원구,31098
서울특별시,노원구,21548
서울특별시,노원구,19272
서울특별시,노원구,17915
서울특별시,은평구,35693
서울특별시,은평구,37266
서울특별시,은평구,26578
서울특별시,은평구,14257
서울특별시,은평구,27278
서울특별시,은평구,31057
서울특별시,은평구,27296
서울특별시,은평구,32278
서울특별시,은평구,27177
서울특별시,은평구,23217
서울특별시,은평구,43393
서울특별시,은평구,26086
서울특별시,은평구,18758
서울특별시,은평구,16051
서울특별시,은평구,21112
서울특별시,은평구,53589
서울특별시,서대문구,16513
서울특별시,서대문구,15407
서울특별시,서대문구,19465
서울특별시,서대문구,20372
서울특별시,서대문구,33732
서울특별시,서대문구,24562
서울특별시,서대문구,17475
서울특별시,서대문구,12497
서울특별시,서대문구,22030
서울특별시,서대문구,28232
서울특별시,서대문구,16675
서울특별시,서대문구,28844
서울특별시,서대문구,17463
서울특별시,서대문구,30186
서울특별시,마포구,29136
서울특별시,마포구,36198
서울특별시,마포구,20541
서울특별시,마포구,21288
서울특별시,마포구,14340
서울특별시,마포구,16839
서울특별시,마포구,22157
서울특별시,마포구,24452
서울특별시,마포구,23832
서울특별시,마포구,16068
서울특별시,마포구,18802
서울특별시,마포구,17564
서울특별시,마포구,14079
서울특별시,마포구,18522
서울특별시,마포구,38541
서울특별시,마포구,29482
서울특별시,양천구,30157
서울특별시,양천구,28418
서울특별시,양천구,20986
서울특별시,양천구,24182
서울특별시,양천구,40692
서울특별시,양천구,18967
서울특별시,양천구,20599
서울특별시,양천구,14030
서울특별시,양천구,17142
서울특별시,양천구,13884
서울특별시,양천구,13761
서울특별시,양천구,18290
서울특별시,양천구,19642
서울특별시,양천구,18571
서울특별시,양천구,48804
서울특별시,양천구,31498
서울특별시,양천구,23953
서울특별시,양천구,28047
서울특별시,강서구,41226
서울특별시,강서구,25035
서울특별시,강서구,19204
서울특별시,강서구,29063
서울특별시,강서구,49836
서울특별시,강서구,16859
서울특별시,강서구,20780
서울특별시,강서구,19211
서울특별시,강서구,32299
서울특별시,강서구,25718
서울특별시,강서구,22805
서울특별시,강서구,33756
서울특별시,강서구,13231
서울특별시,강서구,13764
서울특별시,강서구,35225
서울특별시,강서구,43489
서울특별시,강서구,29481
서울특별시,강서구,41586
서울특별시,강서구,22840
서울특별시,강서구,21687
서울특별시,구로구,36010
서울특별시,구로구,20451
서울특별시,구로구,22124
서울특별시,구로구,22992
서울특별시,구로구,18236
서울특별시,구로구,29014
서울특별시,구로구,8729
서울특별시,구로구,26470
서울특별시,구로구,25491
서울특별시,구로구,32970
서울특별시,구로구,29262
서울특별시,구로구,19339
서울특별시,구로구,22569
서울특별시,구로구,36216
서울특별시,구로구,22424
서울특별시,구로구,16191
서울특별시,금천구,24871
서울특별시,금천구,47190
서울특별시,금천구,17477
서울특별시,금천구,23045
서울특별시,금천구,14175
서울특별시,금천구,31677
서울특별시,금천구,20246
서울특별시,금천구,10186
서울특별시,금천구,18800
서울특별시,금천구,17704
서울특별시,영등포구,20510
서울특별시,영등포구,31331
서울특별시,영등포구,33921
서울특별시,영등포구,21177
서울특별시,영등포구,36458
서울특별시,영등포구,17636
서울특별시,영등포구,31608
서울특별시,영등포구,18198
서울특별시,영등포구,22722
서울특별시,영등포구,19148
서울특별시,영등포구,15948
서울특별시,영등포구,11950
서울특별시,영등포구,9662
서울특별시,영등포구,17912
서울특별시,영등포구,19673
서울특별시,영등포구,13505
서울특별시,영등포구,11625
서울특별시,영등포구,21217
서울특별시,동작구,32709
서울특별시,동작구,8096
서울특별시,동작구,43997
서울특별시,동작구,27269
서울특별시,동작구,23686
서울특별시,동작구,28772
서울특별시,동작구,30138
서울특별시,동작구,22345
서울특별시,동작구,27917
서울특별시,동작구,23451
서울특별시,동작구,13714
서울특별시,동작구,14079
서울특별시,동작구,35235
서울특별시,동작구,23135
서울특별시,동작구,21897
서울특별시,관악구,23365
서울특별시,관악구,14586
서울특별시,관악구,27981
서울특별시,관악구,28694
서울특별시,관악구,17459
서울특별시,관악구,35922
서울특별시,관악구,31889
서울특별시,관악구,15183
서울특별시,관악구,25038
서울특별시,관악구,17479
서울특별시,관악구,22976
서울특별시,관악구,17412
서울특별시,관악구,23235
서울특별시,관악구,22161
서울특별시,관악구,22956
서울특별시,관악구,14631
서울특별시,관악구,19574
서울특별시,관악구,24351
서울특별시,관악구,19519
서울특별시,관악구,28945
서울특별시,관악구,24811
서울특별시,서초구,20183
서울특별시,서초구,24676
서울특별시,서초구,31964
서울특별시,서초구,30270
서울특별시,서초구,26751
서울특별시,서초구,226
서울특별시,서초구,33760
서울특별시,서초구,26222
서울특별시,서초구,23957
서울특별시,서초구,18466
서울특별시,서초구,20075
서울특별시,서초구,16439
서울특별시,서초구,17878
서울특별시,서초구,15708
서울특별시,서초구,22651
서울특별시,서초구,41196
서울특별시,서초구,21073
서울특별시,서초구,16887
서울특별시,강남구,15285
서울특별시,강남구,20813
서울특별시,강남구,20224
서울특별시,강남구,25541
서울특별시,강남구,24137
서울특별시,강남구,11930
서울특별시,강남구,30503
서울특별시,강남구,23963
서울특별시,강남구,38373
서울특별시,강남구,18439
서울특별시,강남구,34235
서울특별시,강남구,36317
서울특별시,강남구,20567
서울특별시,강남구,32316
서울특별시,강남구,26297
서울특별시,강남구,42291
서울특별시,강남구,16719
서울특별시,강남구,23117
서울특별시,강남구,46280
서울특별시,강남구,22650
서울특별시,강남구,14293
서울특별시,강남구,13652
서울특별시,송파구,11394
서울특별시,송파구,23156
서울특별시,송파구,11820
서울특별시,송파구,23352
서울특별시,송파구,16567
서울특별시,송파구,17252
서울특별시,송파구,15065
서울특별시,송파구,26150
서울특별시,송파구,17739
서울특별시,송파구,38007
서울특별시,송파구,23143
서울특별시,송파구,18642
서울특별시,송파구,30536
서울특별시,송파구,28747
서울특별시,송파구,24832
서울특별시,송파구,27430
서울특별시,송파구,30853
서울특별시,송파구,19683
서울특별시,송파구,28799
서울특별시,송파구,30326
서울특별시,송파구,45144
서울특별시,송파구,27569
서울특별시,송파구,34888
서울특별시,송파구,33870
서울특별시,송파구,21121
서울특별시,송파구,16442
서울특별시,송파구,9383
서울특별시,강동구,34673
서울특별시,강동구,39351
서울특별시,강동구,13534
서울특별시,강동구,24909
서울특별시,강동구,16903
서울특별시,강동구,23833
서울특별시,강동구,25371
서울특별시,강동구,33260
서울특별시,강동구,14631
서울특별시,강동구,17116
서울특별시,강동구,25589
서울특별시,강동구,33963
서울특별시,강동구,26277
서울특별시,강동구,19225
서울특별시,강동구,23882
서울특별시,강동구,22006
서울특별시,강동구,47695
서울특별시,강동구,1694
서울특별시,강동구,24372
부산광역시,중구,3082
부산광역시,중구,2356
부산광역시,중구,5666
부산광역시,중구,10085
부산광역시,중구,4081
부산광역시,중구,863
부산광역시,중구,798
부산광역시,중구,4338
부산광역시,중구,6359
부산광역시,서구,5177
부산광역시,서구,6484
부산광역시,서구,7078
부산광역시,서구,14789
부산광역시,서구,7355
부산광역시,서구,7055
부산광역시,서구,7291
부산광역시,서구,6338
부산광역시,서구,3713
부산광역시,서구,9512
부산광역시,서구,4383
부산광역시,서구,7695
부산광역시,서구,16369
부산광역시,동구,4820
부산광역시,동구,5111
부산광역시,동구,12528
부산광역시,동구,5201
부산광역시,동구,3929
부산광역시,동구,8912
부산광역시,동구,3415
부산광역시,동구,4663
부산광역시,동구,11057
부산광역시,동구,10509
부산광역시,동구,7104
부산광역시,동구,8838
부산광역시,영도구,9984
부산광역시,영도구,3621
부산광역시,영도구,7256
부산광역시,영도구,6940
부산광역시,영도구,6156
부산광역시,영도구,7167
부산광역시,영도구,5295
부산광역시,영도구,16171
부산광역시,영도구,27707
부산광역시,영도구,5051
부산광역시,영도구,8622
부산광역시,부산진구,14432
부산광역시,부산진구,12249
부산광역시,부산진구,25535
부산광역시,부산진구,21729
부산광역시,부산진구,18675
부산광역시,부산진구,14989
부산광역시,부산진구,20368
부산광역시,부산진구,23251
부산광역시,부산진구,23118
부산광역시,부산진구,21090
부산광역시,부산진구,20718
부산광역시,부산진구,11642
부산광역시,부산진구,10127
부산광역시,부산진구,16411
부산광역시,부산진구,17951
부산광역시,부산진구,18232
부산광역시,부산진구,9865
부산광역시,부산진구,26178
부산광역시,부산진구,12156
부산광역시,부산진구,21140
부산광역시,동래구,30541
부산광역시,동래구,8240
부산광역시,동래구,26113
부산광역시,동래구,30364
부산광역시,동래구,23875
부산광역시,동래구,35730
부산광역시,동래구,11563
부산광역시,동래구,24545
부산광역시,동래구,16759
부산광역시,동래구,13229
부산광역시,동래구,25869
부산광역시,동래구,13280
부산광역시,동래구,13546
부산광역시,남구,15235
부산광역시,남구,36112
부산광역시,남구,13888
부산광역시,남구,16273
부산광역시,남구,15695
부산광역시,남구,42438
부산광역시,남구,19490
부산광역시,남구,10434
부산광역시,남구,7658
부산광역시,남구,7674
부산광역시,남구,7958
부산광역시,남구,6308
부산광역시,남구,11945
부산광역시,남구,10617
부산광역시,남구,8246
부산광역시,남구,16134
부산광역시,남구,8679
부산광역시,북구,15087
부산광역시,북구,23196
부산광역시,북구,17605
부산광역시,북구,34777
부산광역시,북구,39190
부산광역시,북구,16808
부산광역시,북구,28085
부산광역시,북구,13320
부산광역시,북구,10834
부산광역시,북구,9729
부산광역시,북구,16092
부산광역시,북구,26038
부산광역시,북구,17227
부산광역시,해운대구,23357
부산광역시,해운대구,29548
부산광역시,해운대구,27989
부산광역시,해운대구,27066
부산광역시,해운대구,15129
부산광역시,해운대구,17070
부산광역시,해운대구,30219
부산광역시,해운대구,14965
부산광역시,해운대구,21883
부산광역시,해운대구,9150
부산광역시,해운대구,35423
부산광역시,해운대구,11307
부산광역시,해운대구,7474
부산광역시,해운대구,14565
부산광역시,해운대구,12050
부산광역시,해운대구,20839
부산광역시,해운대구,36388
부산광역시,해운대구,22026
부산광역시,사하구,17629
부산광역시,사하구,14744
부산광역시,사하구,11398
부산광역시,사하구,14899
부산광역시,사하구,23748
부산광역시,사하구,20907
부산광역시,사하구,24861
부산광역시,사하구,15338
부산광역시,사하구,16918
부산광역시,사하구,12249
부산광역시,사하구,25288
부산광역시,사하구,35615
부산광역시,사하구,25131
부산광역시,사하구,12289
부산광역시,사하구,16630
부산광역시,사하구,5147
부산광역시,금정구,4347
부산광역시,금정구,8141
부산광역시,금정구,9954
부산광역시,금정구,6978
부산광역시,금정구,7270
부산광역시,금정구,16737
부산광역시,금정구,14733
부산광역시,금정구,11535
부산광역시,금정구,17764
부산광역시,금정구,25793
부산광역시,금정구,2021
부산광역시,금정구,9199
부산광역시,금정구,25918
부산광역시,금정구,18383
부산광역시,금정구,30703
부산광역시,금정구,901
부산광역시,강서구,5696
부산광역시,강서구,6197
부산광역시,강서구,6595
부산광역시,강서구,54195
부산광역시,강서구,29902
부산광역시,강서구,2097
부산광역시,강서구,33784
부산광역시,강서구,4311
부산광역시,연제구,27795
부산광역시,연제구,24815
부산광역시,연제구,9270
부산광역시,연제구,9434
부산광역시,연제구,15780
부산광역시,연제구,21734
부산광역시,연제구,10242
부산광역시,연제구,16204
부산광역시,연제구,16776
부산광역시,연제구,15337
부산광역시,연제구,13101
부산광역시,연제구,31993
부산광역시,수영구,16667
부산광역시,수영구,13435
부산광역시,수영구,13758
부산광역시,수영구,25675
부산광역시,수영구,9799
부산광역시,수영구,24787
부산광역시,수영구,18310
부산광역시,수영구,9160
부산광역시,수영구,13104
부산광역시,수영구,27331
부산광역시,사상구,5034
부산광역시,사상구,25933
부산광역시,사상구,9018
부산광역시,사상구,11695
부산광역시,사상구,11880
부산광역시,사상구,24320
부산광역시,사상구,11718
부산광역시,사상구,16377
부산광역시,사상구,21345
부산광역시,사상구,11883
부산광역시,사상구,26053
부산광역시,사상구,23814
부산광역시,기장군,51153
부산광역시,기장군,8611
부산광역시,기장군,78650
부산광역시,기장군,29989
부산광역시,기장군,7414
대구광역시,중구,9915
대구광역시,중구,7058
대구광역시,중구,4772
대구광역시,중구,7952
대구광역시,중구,12553
대구광역시,중구,7363
대구광역시,중구,4850
대구광역시,중구,7117
대구광역시,중구,5998
대구광역시,중구,16345
대구광역시,중구,7762
대구광역시,중구,5072
대구광역시,동구,11042
대구광역시,동구,11729
대구광역시,동구,11323
대구광역시,동구,18221
대구광역시,동구,7579
대구광역시,동구,11442
대구광역시,동구,14313
대구광역시,동구,10314
대구광역시,동구,12024
대구광역시,동구,13862
대구광역시,동구,3611
대구광역시,동구,19912
대구광역시,동구,13074
대구광역시,동구,14387
대구광역시,동구,17310
대구광역시,동구,13639
대구광역시,동구,38251
대구광역시,동구,16268
대구광역시,동구,20272
대구광역시,동구,26827
대구광역시,동구,17007
대구광역시,동구,20370
대구광역시,서구,9547
대구광역시,서구,8326
대구광역시,서구,14588
대구광역시,서구,8341
대구광역시,서구,8049
대구광역시,서구,8737
대구광역시,서구,5136
대구광역시,서구,6702
대구광역시,서구,8461
대구광역시,서구,6664
대구광역시,서구,7199
대구광역시,서구,12491
대구광역시,서구,15905
대구광역시,서구,9824
대구광역시,서구,5554
대구광역시,서구,17865
대구광역시,서구,10156
대구광역시,남구,13227
대구광역시,남구,8022
대구광역시,남구,13129
대구광역시,남구,14662
대구광역시,남구,9783
대구광역시,남구,11793
대구광역시,남구,9535
대구광역시,남구,9669
대구광역시,남구,5335
대구광역시,남구,10869
대구광역시,남구,13731
대구광역시,남구,8285
대구광역시,남구,7521
대구광역시,북구,12633
대구광역시,북구,21558
대구광역시,북구,3594
대구광역시,북구,17231
대구광역시,북구,18276
대구광역시,북구,7891
대구광역시,북구,9808
대구광역시,북구,8365
대구광역시,북구,7388
대구광역시,북구,15993
대구광역시,북구,6954
대구광역시,북구,29182
대구광역시,북구,5748
대구광역시,북구,33660
대구광역시,북구,33086
대구광역시,북구,21667
대구광역시,북구,22602
대구광역시,북구,31865
대구광역시,북구,14617
대구광역시,북구,24357
대구광역시,북구,25740
대구광역시,북구,11231
대구광역시,북구,30273
대구광역시,수성구,20805
대구광역시,수성구,14263
대구광역시,수성구,17435
대구광역시,수성구,19017
대구광역시,수성구,20704
대구광역시,수성구,10880
대구광역시,수성구,21228
대구광역시,수성구,16895
대구광역시,수성구,10450
대구광역시,수성구,13368
대구광역시,수성구,21885
대구광역시,수성구,11274
대구광역시,수성구,14508
대구광역시,수성구,14524
대구광역시,수성구,15311
대구광역시,수성구,14758
대구광역시,수성구,19390
대구광역시,수성구,18731
대구광역시,수성구,10091
대구광역시,수성구,15882
대구광역시,수성구,31289
대구광역시,수성구,26301
대구광역시,수성구,30055
대구광역시,달서구,21128
대구광역시,달서구,14324
대구광역시,달서구,8423
대구광역시,달서구,30563
대구광역시,달서구,14363
대구광역시,달서구,15592
대구광역시,달서구,28976
대구광역시,달서구,25738
대구광역시,달서구,20540
대구광역시,달서구,14720
대구광역시,달서구,28775
대구광역시,달서구,22458
대구광역시,달서구,40195
대구광역시,달서구,14055
대구광역시,달서구,49671
대구광역시,달서구,33310
대구광역시,달서구,33165
대구광역시,달서구,17667
대구광역시,달서구,9940
대구광역시,달서구,32235
대구광역시,달서구,16645
대구광역시,달서구,18389
대구광역시,달서구,11840
대구광역시,달성군,45848
대구광역시,달성군,4343
대구광역시,달성군,11352
대구광역시,달성군,52239
대구광역시,달성군,38392
대구광역시,달성군,31162
대구광역시,달성군,23198
대구광역시,달성군,21847
대구광역시,달성군,7061
대구광역시,달성군,3303
대구광역시,달성군,19019
대구광역시,군위군,7809
대구광역시,군위군,2260
대구광역시,군위군,3660
대구광역시,군위군,2078
대구광역시,군위군,1919
대구광역시,군위군,2246
대구광역시,군위군,1191
대구광역시,군위군,1292
인천광역시,중구,5131
인천광역시,중구,4547
인천광역시,중구,14059
인천광역시,중구,3579
인천광역시,중구,2869
인천광역시,중구,5251
인천광역시,중구,6742
인천광역시,중구,22471
인천광역시,중구,33472
인천광역시,중구,25780
인천광역시,중구,38906
인천광역시,중구,3547
인천광역시,동구,6288
인천광역시,동구,5426
인천광역시,동구,6875
인천광역시,동구,9698
인천광역시,동구,2772
인천광역시,동구,6618
인천광역시,동구,1248
인천광역시,동구,5529
인천광역시,동구,6033
인천광역시,동구,5682
인천광역시,동구,2213
인천광역시,미추홀구,13511
인천광역시,미추홀구,15514
인천광역시,미추홀구,14507
인천광역시,미추홀구,17233
인천광역시,미추홀구,22724
인천광역시,미추홀구,6884
인천광역시,미추홀구,45070
인천광역시,미추홀구,35511
인천광역시,미추홀구,17178
인천광역시,미추홀구,20762
인천광역시,미추홀구,30979
인천광역시,미추홀구,19710
인천광역시,미추홀구,21915
인천광역시,미추홀구,12309
인천광역시,미추홀구,19845
인천광역시,미추홀구,19562
인천광역시,미추홀구,20585
인천광역시,미추홀구,11997
인천광역시,미추홀구,18949
인천광역시,미추홀구,13954
인천광역시,미추홀구,13835
인천광역시,연수구,17212
인천광역시,연수구,19277
인천광역시,연수구,17794
인천광역시,연수구,16724
인천광역시,연수구,19429
인천광역시,연수구,14695
인천광역시,연수구,22472
인천광역시,연수구,25767
인천광역시,연수구,16939
인천광역시,연수구,17780
인천광역시,연수구,37719
인천광역시,연수구,36978
인천광역시,연수구,48525
인천광역시,연수구,42433
인천광역시,연수구,46430
인천광역시,남동구,30905
인천광역시,남동구,36898
인천광역시,남동구,28189
인천광역시,남동구,13122
인천광역시,남동구,17719
인천광역시,남동구,20278
인천광역시,남동구,25242
인천광역시,남동구,27780
인천광역시,남동구,15493
인천광역시,남동구,22449
인천광역시,남동구,16113
인천광역시,남동구,18733
인천광역시,남동구,14258
인천광역시,남동구,22175
인천광역시,남동구,18556
인천광역시,남동구,37663
인천광역시,남동구,19354
인천광역시,남동구,31306
인천광역시,남동구,30993
인천광역시,남동구,39437
인천광역시,부평구,35029
인천광역시,부평구,14114
인천광역시,부평구,15008
인천광역시,부평구,33697
인천광역시,부평구,33365
인천광역시,부평구,14596
인천광역시,부평구,14824
인천광역시,부평구,29241
인천광역시,부평구,20111
인천광역시,부평구,16484
인천광역시,부평구,22415
인천광역시,부평구,32913
인천광역시,부평구,14413
인천광역시,부평구,17392
인천광역시,부평구,32149
인천광역시,부평구,27379
인천광역시,부평구,15336
인천광역시,부평구,18880
인천광역시,부평구,28114
인천광역시,부평구,11535
인천광역시,부평구,24426
인천광역시,부평구,20772
인천광역시,계양구,26355
인천광역시,계양구,26598
인천광역시,계양구,17540
인천광역시,계양구,14236
인천광역시,계양구,17466
인천광역시,계양구,22419
인천광역시,계양구,25887
인천광역시,계양구,23695
인천광역시,계양구,32625
인천광역시,계양구,18854
인천광역시,계양구,31390
인천광역시,계양구,23558
인천광역시,서구,54359
인천광역시,서구,37096
인천광역시,서구,30623
인천광역시,서구,48024
인천광역시,서구,36228
인천광역시,서구,41777
인천광역시,서구,17236
인천광역시,서구,8612
인천광역시,서구,20074
인천광역시,서구,11856
인천광역시,서구,12311
인천광역시,서구,29294
인천광역시,서구,12517
인천광역시,서구,18445
인천광역시,서구,15197
인천광역시,서구,12101
인천광역시,서구,32478
인천광역시,서구,23072
인천광역시,서구,24691
인천광역시,서구,28784
인천광역시,서구,24386
인천광역시,서구,21359
인천광역시,서구,71827
인천광역시,강화군,21960
인천광역시,강화군,8827
인천광역시,강화군,5039
인천광역시,강화군,7205
인천광역시,강화군,4570
인천광역시,강화군,4220
인천광역시,강화군,2978
인천광역시,강화군,3977
인천광역시,강화군,1913
인천광역시,강화군,3206
인천광역시,강화군,2691
인천광역시,강화군,2070
인천광역시,강화군,365
인천광역시,강화군,278
인천광역시,옹진군,1155
인천광역시,옹진군,965
인천광역시,옹진군,4743
인천광역시,옹진군,1199
인천광역시,옹진군,230
인천광역시,옹진군,1928
인천광역시,옹진군,6489
인천광역시,옹진군,949
인천광역시,옹진군,363
인천광역시,옹진군,1999
광주광역시,동구,5536
광주광역시,동구,3491
광주광역시,동구,9997
광주광역시,동구,13407
광주광역시,동구,7854
광주광역시,동구,9558
광주광역시,동구,4013
광주광역시,동구,4168
광주광역시,동구,3242
광주광역시,동구,7135
광주광역시,동구,10728
광주광역시,동구,9010
광주광역시,동구,18274
광주광역시,서구,2862
광주광역시,서구,4137
광주광역시,서구,11588
광주광역시,서구,4387
광주광역시,서구,5420
광주광역시,서구,10188
광주광역시,서구,29090
광주광역시,서구,23882
광주광역시,서구,22253
광주광역시,서구,15467
광주광역시,서구,19501
광주광역시,서구,8928
광주광역시,서구,19346
광주광역시,서구,7061
광주광역시,서구,19101
광주광역시,서구,26707
광주광역시,서구,34166
광주광역시,서구,15255
광주광역시,남구,6445
광주광역시,남구,6587
광주광역시,남구,9101
광주광역시,남구,12839
광주광역시,남구,27599
광주광역시,남구,4563
광주광역시,남구,8361
광주광역시,남구,7874
광주광역시,남구,5719
광주광역시,남구,11440
광주광역시,남구,6702
광주광역시,남구,20761
광주광역시,남구,7331
광주광역시,남구,27886
광주광역시,남구,15043
광주광역시,남구,20978
광주광역시,남구,8092
광주광역시,북구,4390
광주광역시,북구,15126
광주광역시,북구,3706
광주광역시,북구,13935
광주광역시,북구,12037
광주광역시,북구,36712
광주광역시,북구,18290
광주광역시,북구,10974
광주광역시,북구,13136
광주광역시,북구,22438
광주광역시,북구,15652
광주광역시,북구,5131
광주광역시,북구,22876
광주광역시,북구,15225
광주광역시,북구,14435
광주광역시,북구,7007
광주광역시,북구,14563
광주광역시,북구,12054
광주광역시,북구,13072
광주광역시,북구,27721
광주광역시,북구,13004
광주광역시,북구,10023
광주광역시,북구,11342
광주광역시,북구,2247
광주광역시,북구,22529
광주광역시,북구,35104
광주광역시,북구,31806
광주광역시,광산구,10102
광주광역시,광산구,6035
광주광역시,광산구,14294
광주광역시,광산구,4164
광주광역시,광산구,33521
광주광역시,광산구,28422
광주광역시,광산구,9583
광주광역시,광산구,14507
광주광역시,광산구,7211
광주광역시,광산구,27824
광주광역시,광산구,41265
광주광역시,광산구,18821
광주광역시,광산구,28882
광주광역시,광산구,74149
광주광역시,광산구,26986
광주광역시,광산구,1913
광주광역시,광산구,1641
광주광역시,광산구,5037
광주광역시,광산구,2129
광주광역시,광산구,1816
광주광역시,광산구,33714
대전광역시,동구,3626
대전광역시,동구,24965
대전광역시,동구,14775
대전광역시,동구,11863
대전광역시,동구,7830
대전광역시,동구,21091
대전광역시,동구,13711
대전광역시,동구,10874
대전광역시,동구,12780
대전광역시,동구,18610
대전광역시,동구,19960
대전광역시,동구,10781
대전광역시,동구,11072
대전광역시,동구,13383
대전광역시,동구,2167
대전광역시,동구,21107
대전광역시,중구,18446
대전광역시,중구,17599
대전광역시,중구,13460
대전광역시,중구,12739
대전광역시,중구,4167
대전광역시,중구,14271
대전광역시,중구,5245
대전광역시,중구,6207
대전광역시,중구,9894
대전광역시,중구,10063
대전광역시,중구,12482
대전광역시,중구,24064
대전광역시,중구,5808
대전광역시,중구,12906
대전광역시,중구,20587
대전광역시,중구,11417
대전광역시,중구,25332
대전광역시,서구,21478
대전광역시,서구,18651
대전광역시,서구,16225
대전광역시,서구,15088
대전광역시,서구,12814
대전광역시,서구,11630
대전광역시,서구,26384
대전광역시,서구,18452
대전광역시,서구,10713
대전광역시,서구,22417
대전광역시,서구,20973
대전광역시,서구,23738
대전광역시,서구,11128
대전광역시,서구,13447
대전광역시,서구,20148
대전광역시,서구,10217
대전광역시,서구,36596
대전광역시,서구,14710
대전광역시,서구,48072
대전광역시,서구,3380
대전광역시,서구,16318
대전광역시,서구,35006
대전광역시,서구,12086
대전광역시,서구,18816
대전광역시,유성구,25394
대전광역시,유성구,19571
대전광역시,유성구,25198
대전광역시,유성구,26616
대전광역시,유성구,40491
대전광역시,유성구,20957
대전광역시,유성구,23454
대전광역시,유성구,36293
대전광역시,유성구,25534
대전광역시,유성구,25709
대전광역시,유성구,32844
대전광역시,유성구,37302
대전광역시,유성구,30120
대전광역시,대덕구,13654
대전광역시,대덕구,5918
대전광역시,대덕구,12685
대전광역시,대덕구,14969
대전광역시,대덕구,25561
대전광역시,대덕구,18130
대전광역시,대덕구,15914
대전광역시,대덕구,16014
대전광역시,대덕구,12668
대전광역시,대덕구,5968
대전광역시,대덕구,12191
대전광역시,대덕구,14763
울산광역시,중구,10664
울산광역시,중구,15491
울산광역시,중구,8130
울산광역시,중구,21025
울산광역시,중구,11229
울산광역시,중구,17910
울산광역시,중구,31276
울산광역시,중구,21002
울산광역시,중구,20469
울산광역시,중구,19250
울산광역시,중구,10473
울산광역시,중구,20088
울산광역시,남구,17661
울산광역시,남구,24960
울산광역시,남구,15551
울산광역시,남구,19504
울산광역시,남구,8298
울산광역시,남구,25664
울산광역시,남구,47325
울산광역시,남구,20213
울산광역시,남구,30899
울산광역시,남구,24845
울산광역시,남구,32232
울산광역시,남구,15882
울산광역시,남구,13225
울산광역시,남구,8512
울산광역시,동구,37136
울산광역시,동구,5142
울산광역시,동구,18005
울산광역시,동구,10622
울산광역시,동구,15328
울산광역시,동구,19186
울산광역시,동구,8039
울산광역시,동구,26510
울산광역시,동구,10987
울산광역시,북구,35474
울산광역시,북구,41914
울산광역시,북구,36160
울산광역시,북구,16002
울산광역시,북구,29312
울산광역시,북구,36249
울산광역시,북구,11668
울산광역시,북구,9816
울산광역시,울주군,19099
울산광역시,울주군,29393
울산광역시,울주군,28066
울산광역시,울주군,66941
울산광역시,울주군,20797
울산광역시,울주군,22115
울산광역시,울주군,8462
울산광역시,울주군,7463
울산광역시,울주군,4216
울산광역시,울주군,2943
울산광역시,울주군,7802
울산광역시,울주군,1687
세종특별자치시,미상,40834
세종특별자치시,미상,2384
세종특별자치시,미상,2704
세종특별자치시,미상,5352
세종특별자치시,미상,8166
세종특별자치시,미상,6541
세종특별자치시,미상,6718
세종특별자치시,미상,5073
세종특별자치시,미상,3046
세종특별자치시,미상,2049
세종특별자치시,미상,17960
세종특별자치시,미상,26472
세종특별자치시,미상,13016
세종특별자치시,미상,24647
세종특별자치시,미상,11139
세종특별자치시,미상,19339
세종특별자치시,미상,23248
세종특별자치시,미상,27688
세종특별자치시,미상,35642
세종특별자치시,미상,21628
세종특별자치시,미상,28668
세종특별자치시,미상,18773
세종특별자치시,미상,11239
세종특별자치시,미상,28277
경기도,수원시 장안구,24781
경기도,수원시 장안구,39888
경기도,수원시 장안구,33427
경기도,수원시 장안구,38549
경기도,수원시 장안구,39018
경기도,수원시 장안구,18030
경기도,수원시 장안구,18195
경기도,수원시 장안구,27915
경기도,수원시 장안구,17590
경기도,수원시 장안구,17277
경기도,수원시 권선구,9665
경기도,수원시 권선구,22351
경기도,수원시 권선구,17425
경기도,수원시 권선구,40530
경기도,수원시 권선구,37090
경기도,수원시 권선구,22762
경기도,수원시 권선구,44751
경기도,수원시 권선구,44157
경기도,수원시 권선구,24093
경기도,수원시 권선구,45845
경기도,수원시 권선구,34499
경기도,수원시 권선구,19691
경기도,수원시 팔달구,21634
경기도,수원시 팔달구,9832
경기도,수원시 팔달구,19194
경기도,수원시 팔달구,21000
경기도,수원시 팔달구,24252
경기도,수원시 팔달구,9495
경기도,수원시 팔달구,18229
경기도,수원시 팔달구,16668
경기도,수원시 팔달구,45036
경기도,수원시 팔달구,9207
경기도,수원시 영통구,11483
경기도,수원시 영통구,13633
경기도,수원시 영통구,34195
경기도,수원시 영통구,19795
경기도,수원시 영통구,45687
경기도,수원시 영통구,32915
경기도,수원시 영통구,25095
경기도,수원시 영통구,31492
경기도,수원시 영통구,31484
경기도,수원시 영통구,33516
경기도,수원시 영통구,53601
경기도,수원시 영통구,28505
경기도,성남시 수정구,12336
경기도,성남시 수정구,31384
경기도,성남시 수정구,10773
경기도,성남시 수정구,13935
경기도,성남시 수정구,14014
경기도,성남시 수정구,12006
경기도,성남시 수정구,11305
경기도,성남시 수정구,11142
경기도,성남시 수정구,14652
경기도,성남시 수정구,14374
경기도,성남시 수정구,4602
경기도,성남시 수정구,9105
경기도,성남시 수정구,10201
경기도,성남시 수정구,45827
경기도,성남시 수정구,4510
경기도,성남시 수정구,11643
경기도,성남시 수정구,3374
경기도,성남시 중원구,32193
경기도,성남시 중원구,16754
경기도,성남시 중원구,19647
경기도,성남시 중원구,24187
경기도,성남시 중원구,9409
경기도,성남시 중원구,21472
경기도,성남시 중원구,23806
경기도,성남시 중원구,3062
경기도,성남시 중원구,11400
경기도,성남시 중원구,19296
경기도,성남시 중원구,26113
경기도,성남시 분당구,24485
경기도,성남시 분당구,17793
경기도,성남시 분당구,10418
경기도,성남시 분당구,13289
경기도,성남시 분당구,14030
경기도,성남시 분당구,30127
경기도,성남시 분당구,14307
경기도,성남시 분당구,16712
경기도,성남시 분당구,30953
경기도,성남시 분당구,17509
경기도,성남시 분당구,24837
경기도,성남시 분당구,13011
경기도,성남시 분당구,16687
경기도,성남시 분당구,15701
경기도,성남시 분당구,26275
경기도,성남시 분당구,26572
경기도,성남시 분당구,23785
경기도,성남시 분당구,26467
경기도,성남시 분당구,26917
경기도,성남시 분당구,16210
경기도,성남시 분당구,28274
경기도,성남시 분당구,36900
경기도,의정부시,40062
경기도,의정부시,29550
경기도,의정부시,33886
경기도,의정부시,32380
경기도,의정부시,18590
경기도,의정부시,40813
경기도,의정부시,44346
경기도,의정부시,30554
경기도,의정부시,31313
경기도,의정부시,44766
경기도,의정부시,25232
경기도,의정부시,23707
경기도,의정부시,18701
경기도,의정부시,19395
경기도,의정부시,27737
경기도,안양시 만안구,14573
경기도,안양시 만안구,22635
경기도,안양시 만안구,15283
경기도,안양시 만안구,6573
경기도,안양시 만안구,9946
경기도,안양시 만안구,26419
경기도,안양시 만안구,14688
경기도,안양시 만안구,8137
경기도,안양시 만안구,15998
경기도,안양시 만안구,18706
경기도,안양시 만안구,29364
경기도,안양시 만안구,12068
경기도,안양시 만안구,13801
경기도,안양시 만안구,20539
경기도,안양시 동안구,28548
경기도,안양시 동안구,14517
경기도,안양시 동안구,17369
경기도,안양시 동안구,16097
경기도,안양시 동안구,9530
경기도,안양시 동안구,32763
경기도,안양시 동안구,17963
경기도,안양시 동안구,26015
경기도,안양시 동안구,13829
경기도,안양시 동안구,22558
경기도,안양시 동안구,16030
경기도,안양시 동안구,26126
경기도,안양시 동안구,23898
경기도,안양시 동안구,22982
경기도,안양시 동안구,15106
경기도,안양시 동안구,12215
경기도,안양시 동안구,10365
경기도,부천시 원미구,11987
경기도,부천시 원미구,18388
경기도,부천시 원미구,10807
경기도,부천시 원미구,16719
경기도,부천시 원미구,11387
경기도,부천시 원미구,5970
경기도,부천시 원미구,16364
경기도,부천시 원미구,16841
경기도,부천시 원미구,13791
경기도,부천시 원미구,20249
경기도,부천시 원미구,17173
경기도,부천시 원미구,21699
경기도,부천시 원미구,40702
경기도,부천시 원미구,29508
경기도,부천시 원미구,22031
경기도,부천시 원미구,17230
경기도,부천시 원미구,17598
경기도,부천시 원미구,23726
경기도,부천시 원미구,28133
경기도,부천시 원미구,30173
경기도,부천시 소사구,15921
경기도,부천시 소사구,14591
경기도,부천시 소사구,25143
경기도,부천시 소사구,28209
경기도,부천시 소사구,28354
경기도,부천시 소사구,31362
경기도,부천시 소사구,18366
경기도,부천시 소사구,21490
경기도,부천시 소사구,20307
경기도,부천시 소사구,24212
경기도,부천시 오정구,38199
경기도,부천시 오정구,21351
경기도,부천시 오정구,18664
경기도,부천시 오정구,25599
경기도,부천시 오정구,12477
경기도,부천시 오정구,19315
경기도,부천시 오정구,16781
경기도,광명시,40
경기도,광명시,2890
경기도,광명시,9549
경기도,광명시,7500
경기도,광명시,11788
경기도,광명시,11296
경기도,광명시,25951
경기도,광명시,10442
경기도,광명시,5105
경기도,광명시,36478
경기도,광명시,9257
경기도,광명시,25073
경기도,광명시,12961
경기도,광명시,18782
경기도,광명시,11682
경기도,광명시,29785
경기도,광명시,25767
경기도,광명시,21637
경기도,광명시,1761
경기도,평택시,27590
경기도,평택시,43412
경기도,평택시,22782
경기도,평택시,26017
경기도,평택시,10712
경기도,평택시,3452
경기도,평택시,12776
경기도,평택시,6268
경기도,평택시,5732
경기도,평택시,42785
경기도,평택시,25047
경기도,평택시,23512
경기도,평택시,12334
경기도,평택시,20752
경기도,평택시,6785
경기도,평택시,4948
경기도,평택시,19886
경기도,평택시,12995
경기도,평택시,5187
경기도,평택시,50915
경기도,평택시,56711
경기도,평택시,25827
경기도,평택시,37434
경기도,평택시,42127
경기도,평택시,51748
경기도,동두천시,6187
경기도,동두천시,10794
경기도,동두천시,4432
경기도,동두천시,2651
경기도,동두천시,24771
경기도,동두천시,24876
경기도,동두천시,8407
경기도,동두천시,4771
경기도,안산시 상록구,22830
경기도,안산시 상록구,22432
경기도,안산시 상록구,29342
경기도,안산시 상록구,30383
경기도,안산시 상록구,39811
경기도,안산시 상록구,34811
경기도,안산시 상록구,24428
경기도,안산시 상록구,18183
경기도,안산시 상록구,20273
경기도,안산시 상록구,35655
경기도,안산시 상록구,24629
경기도,안산시 상록구,16523
경기도,안산시 상록구,8397
경기도,안산시 단원구,35803
경기도,안산시 단원구,19962
경기도,안산시 단원구,24379
경기도,안산시 단원구,42296
경기도,안산시 단원구,5378
경기도,안산시 단원구,24032
경기도,안산시 단원구,20832
경기도,안산시 단원구,45433
경기도,안산시 단원구,16847
경기도,안산시 단원구,17278
경기도,안산시 단원구,32418
경기도,안산시 단원구,9195
경기도,고양시 덕양구,10596
경기도,고양시 덕양구,22552
경기도,고양시 덕양구,29639
경기도,고양시 덕양구,23134
경기도,고양시 덕양구,10451
경기도,고양시 덕양구,26083
경기도,고양시 덕양구,22229
경기도,고양시 덕양구,28203
경기도,고양시 덕양구,23307
경기도,고양시 덕양구,27863
경기도,고양시 덕양구,34149
경기도,고양시 덕양구,18042
경기도,고양시 덕양구,35235
경기도,고양시 덕양구,31327
경기도,고양시 덕양구,14121
경기도,고양시 덕양구,20269
경기도,고양시 덕양구,29837
경기도,고양시 덕양구,22528
경기도,고양시 덕양구,19210
경기도,고양시 덕양구,27935
경기도,고양시 덕양구,16701
경기도,고양시 일산동구,40764
경기도,고양시 일산동구,20422
경기도,고양시 일산동구,23388
경기도,고양시 일산동구,21472
경기도,고양시 일산동구,36762
경기도,고양시 일산동구,28622
경기도,고양시 일산동구,20060
경기도,고양시 일산동구,22748
경기도,고양시 일산동구,15393
경기도,고양시 일산동구,16633
경기도,고양시 일산동구,26544
경기도,고양시 일산동구,21389
경기도,고양시 일산서구,25189
경기도,고양시 일산서구,18823
경기도,고양시 일산서구,33527
경기도,고양시 일산서구,29660
경기도,고양시 일산서구,18896
경기도,고양시 일산서구,26325
경기도,고양시 일산서구,26960
경기도,고양시 일산서구,34114
경기도,고양시 일산서구,20325
경기도,고양시 일산서구,30763
경기도,고양시 일산서구,18481
경기도,과천시,11270
경기도,과천시,16085
경기도,과천시,16657
경기도,과천시,14754
경기도,과천시,14028
경기도,과천시,6186
경기도,과천시,6547
경기도,구리시,30397
경기도,구리시,35386
경기도,구리시,23689
경기도,구리시,14691
경기도,구리시,20878
경기도,구리시,16537
경기도,구리시,24211
경기도,구리시,20986
경기도,남양주시,58110
경기도,남양주시,95283
경기도,남양주시,63876
경기도,남양주시,13203
경기도,남양주시,35591
경기도,남양주시,20296
경기도,남양주시,51191
경기도,남양주시,26962
경기도,남양주시,18157
경기도,남양주시,8556
경기도,남양주시,3806
경기도,남양주시,55820
경기도,남양주시,37511
경기도,남양주시,17143
경기도,남양주시,2418
경기도,남양주시,105415
경기도,남양주시,36529
경기도,남양주시,82719
경기도,오산시,33650
경기도,오산시,45803
경기도,오산시,24440
경기도,오산시,27628
경기도,오산시,34873
경기도,오산시,22941
경기도,오산시,31505
경기도,오산시,20455
경기도,시흥시,42035
경기도,시흥시,33299
경기도,시흥시,9123
경기도,시흥시,54677
경기도,시흥시,11294
경기도,시흥시,40988
경기도,시흥시,21735
경기도,시흥시,17446
경기도,시흥시,17915
경기도,시흥시,21149
경기도,시흥시,27099
경기도,시흥시,21552
경기도,시흥시,19685
경기도,시흥시,35366
경기도,시흥시,35588
경기도,시흥시,1790
경기도,시흥시,23932
경기도,시흥시,46766
경기도,시흥시,26309
경기도,시흥시,10838
경기도,군포시,31552
경기도,군포시,41439
경기도,군포시,14527
경기도,군포시,25124
경기도,군포시,19040
경기도,군포시,17140
경기도,군포시,20046
경기도,군포시,15128
경기도,군포시,19569
경기도,군포시,9146
경기도,군포시,23296
경기도,군포시,20400
경기도,의왕시,13713
경기도,의왕시,29255
경기도,의왕시,33657
경기도,의왕시,19875
경기도,의왕시,21289
경기도,의왕시,36882
경기도,하남시,5970
경기도,하남시,6893
경기도,하남시,45155
경기도,하남시,14161
경기도,하남시,17406
경기도,하남시,27575
경기도,하남시,3042
경기도,하남시,39641
경기도,하남시,35332
경기도,하남시,1226
경기도,하남시,3081
경기도,하남시,53686
경기도,하남시,46562
경기도,하남시,29611
경기도,용인시 처인구,31409
경기도,용인시 처인구,25914
경기도,용인시 처인구,19484
경기도,용인시 처인구,23595
경기도,용인시 처인구,7905
경기도,용인시 처인구,7951
경기도,용인시 처인구,19868
경기도,용인시 처인구,26761
경기도,용인시 처인구,34849
경기도,용인시 처인구,12051
경기도,용인시 처인구,50704
경기도,용인시 처인구,12281
경기도,용인시 기흥구,36658
경기도,용인시 기흥구,34280
경기도,용인시 기흥구,19223
경기도,용인시 기흥구,40387
경기도,용인시 기흥구,12579
경기도,용인시 기흥구,32662
경기도,용인시 기흥구,20962
경기도,용인시 기흥구,25000
경기도,용인시 기흥구,38812
경기도,용인시 기흥구,33450
경기도,용인시 기흥구,31396
경기도,용인시 기흥구,26481
경기도,용인시 기흥구,26783
경기도,용인시 기흥구,23252
경기도,용인시 기흥구,34550
경기도,용인시 수지구,34797
경기도,용인시 수지구,41299
경기도,용인시 수지구,41312
경기도,용인시 수지구,27986
경기도,용인시 수지구,17787
경기도,용인시 수지구,26482
경기도,용인시 수지구,50614
경기도,용인시 수지구,19991
경기도,용인시 수지구,32878
경기도,용인시 수지구,27515
경기도,용인시 수지구,54616
경기도,파주시,48291
경기도,파주시,13653
경기도,파주시,9441
경기도,파주시,27777
경기도,파주시,8335
경기도,파주시,12737
경기도,파주시,10363
경기도,파주시,3528
경기도,파주시,6617
경기도,파주시,692
경기도,파주시,21119
경기도,파주시,30649
경기도,파주시,24760
경기도,파주시,7142
경기도,파주시,51960
경기도,파주시,64052
경기도,파주시,68462
경기도,파주시,23675
경기도,파주시,52379
경기도,파주시,24508
경기도,이천시,14337
경기도,이천시,37310
경기도,이천시,13986
경기도,이천시,11427
경기도,이천시,6033
경기도,이천시,16483
경기도,이천시,14284
경기도,이천시,4086
경기도,이천시,4407
경기도,이천시,2516
경기도,이천시,15778
경기도,이천시,56892
경기도,이천시,15427
경기도,이천시,9657
경기도,안성시,66075
경기도,안성시,4979
경기도,안성시,7022
경기도,안성시,3012
경기도,안성시,5408
경기도,안성시,14537
경기도,안성시,5005
경기도,안성시,6325
경기도,안성시,7055
경기도,안성시,6621
경기도,안성시,3675
경기도,안성시,1826
경기도,안성시,11345
경기도,안성시,26369
경기도,안성시,24358
경기도,김포시,34896
경기도,김포시,50336
경기도,김포시,30529
경기도,김포시,9297
경기도,김포시,5195
경기도,김포시,7788
경기도,김포시,57994
경기도,김포시,39006
경기도,김포시,21031
경기도,김포시,59944
경기도,김포시,40501
경기도,김포시,45403
경기도,김포시,35599
경기도,김포시,49386
경기도,화성시,106819
경기도,화성시,17136
경기도,화성시,85672
경기도,화성시,59819
경기도,화성시,6484
경기도,화성시,7894
경기도,화성시,6625
경기도,화성시,10610
경기도,화성시,7164
경기도,화성시,9443
경기도,화성시,9621
경기도,화성시,3872
경기도,화성시,10652
경기도,화성시,26907
경기도,화성시,49821
경기도,화성시,36274
경기도,화성시,22481
경기도,화성시,37124
경기도,화성시,15921
경기도,화성시,27746
경기도,화성시,50048
경기도,화성시,34302
경기도,화성시,40467
경기도,화성시,53374
경기도,화성시,47196
경기도,화성시,44171
경기도,화성시,56831
경기도,화성시,37214
경기도,화성시,45143
경기도,광주시,51839
경기도,광주시,21538
경기도,광주시,9122
경기도,광주시,15550
경기도,광주시,1385
경기도,광주시,2246
경기도,광주시,28148
경기도,광주시,22827
경기도,광주시,17466
경기도,광주시,41960
경기도,광주시,31633
경기도,광주시,33104
경기도,광주시,30043
경기도,광주시,32568
경기도,광주시,35753
경기도,광주시,22574
경기도,양주시,25369
경기도,양주시,5182
경기도,양주시,6162
경기도,양주시,10695
경기도,양주시,11940
경기도,양주시,4550
경기도,양주시,49288
경기도,양주시,8692
경기도,양주시,45108
경기도,양주시,24949
경기도,양주시,38887
경기도,양주시,57451
경기도,포천시,42449
경기도,포천시,9817
경기도,포천시,4190
경기도,포천시,6967
경기도,포천시,11274
경기도,포천시,2036
경기도,포천시,4526
경기도,포천시,8864
경기도,포천시,5575
경기도,포천시,7445
경기도,포천시,2535
경기도,포천시,2422
경기도,포천시,19348
경기도,포천시,14124
경기도,여주시,14208
경기도,여주시,4659
경기도,여주시,4956
경기도,여주시,2863
경기도,여주시,5773
경기도,여주시,6571
경기도,여주시,4661
경기도,여주시,4306
경기도,여주시,2524
경기도,여주시,20687
경기도,여주시,25372
경기도,여주시,18171
경기도,연천군,7837
경기도,연천군,17590
경기도,연천군,2948
경기도,연천군,4076
경기도,연천군,2453
경기도,연천군,1668
경기도,연천군,965
경기도,연천군,2401
경기도,연천군,164
경기도,연천군,702
경기도,가평군,21261
경기도,가평군,9678
경기도,가평군,13384
경기도,가평군,5404
경기도,가평군,9223
경기도,가평군,3555
경기도,양평군,37615
경기도,양평군,10087
경기도,양평군,4847
경기도,양평군,13882
경기도,양평군,8012
경기도,양평군,9875
경기도,양평군,3911
경기도,양평군,3744
경기도,양평군,4528
경기도,양평군,6643
경기도,양평군,18586
경기도,양평군,5095
충청북도,청주시 상당구,2085
충청북도,청주시 상당구,4585
충청북도,청주시 상당구,3674
충청북도,청주시 상당구,6412
충청북도,청주시 상당구,3589
충청북도,청주시 상당구,6472
충청북도,청주시 상당구,6348
충청북도,청주시 상당구,11417
충청북도,청주시 상당구,9894
충청북도,청주시 상당구,29142
충청북도,청주시 상당구,12680
충청북도,청주시 상당구,57597
충청북도,청주시 상당구,44258
충청북도,청주시 서원구,9784
충청북도,청주시 서원구,2991
충청북도,청주시 서원구,4113
충청북도,청주시 서원구,11676
충청북도,청주시 서원구,14146
충청북도,청주시 서원구,16649
충청북도,청주시 서원구,25098
충청북도,청주시 서원구,28268
충청북도,청주시 서원구,12623
충청북도,청주시 서원구,14892
충청북도,청주시 서원구,41792
충청북도,청주시 흥덕구,40801
충청북도,청주시 흥덕구,10200
충청북도,청주시 흥덕구,17180
충청북도,청주시 흥덕구,13827
충청북도,청주시 흥덕구,51143
충청북도,청주시 흥덕구,15154
충청북도,청주시 흥덕구,53438
충청북도,청주시 흥덕구,12820
충청북도,청주시 흥덕구,23336
충청북도,청주시 흥덕구,30724
충청북도,청주시 흥덕구,16355
충청북도,청주시 청원구,18997
충청북도,청주시 청원구,68592
충청북도,청주시 청원구,4174
충청북도,청주시 청원구,12026
충청북도,청주시 청원구,7795
충청북도,청주시 청원구,12906
충청북도,청주시 청원구,47138
충청북도,청주시 청원구,17579
충청북도,충주시,6108
충청북도,충주시,1924
충청북도,충주시,2791
충청북도,충주시,9928
충청북도,충주시,2713
충청북도,충주시,2146
충청북도,충주시,3883
충청북도,충주시,14766
충청북도,충주시,3840
충청북도,충주시,3391
충청북도,충주시,2152
충청북도,충주시,2992
충청북도,충주시,1839
충청북도,충주시,2412
충청북도,충주시,22250
충청북도,충주시,6240
충청북도,충주시,13963
충청북도,충주시,4867
충청북도,충주시,8772
충청북도,충주시,22255
충청북도,충주시,4052
충청북도,충주시,9201
충청북도,충주시,13670
충청북도,충주시,34923
충청북도,충주시,6246
충청북도,제천시,6620
충청북도,제천시,1764
충청북도,제천시,1260
충청북도,제천시,1972
충청북도,제천시,2101
충청북도,제천시,658
충청북도,제천시,3315
충청북도,제천시,4645
충청북도,제천시,17773
충청북도,제천시,9965
충청북도,제천시,5376
충청북도,제천시,4671
충청북도,제천시,9818
충청북도,제천시,18664
충청북도,제천시,10557
충청북도,제천시,14791
충청북도,제천시,14775
충청북도,보은군,14206
충청북도,보은군,1699
충청북도,보은군,1395
충청북도,보은군,2068
충청북도,보은군,1544
충청북도,보은군,2177
충청북도,보은군,1777
충청북도,보은군,715
충청북도,보은군,1679
충청북도,보은군,1615
충청북도,보은군,1692
충청북도,옥천군,28116
충청북도,옥천군,3081
충청북도,옥천군,1332
충청북도,옥천군,1878
충청북도,옥천군,2270
충청북도,옥천군,2805
충청북도,옥천군,3864
충청북도,옥천군,2069
충청북도,옥천군,2879
충청북도,영동군,19239
충청북도,영동군,3222
충청북도,영동군,3918
충청북도,영동군,2135
충청북도,영동군,1797
충청북도,영동군,2151
충청북도,영동군,2957
충청북도,영동군,912
충청북도,영동군,2609
충청북도,영동군,1738
충청북도,영동군,2919
충청북도,증평군,35538
충청북도,증평군,1677
충청북도,진천군,29509
충청북도,진천군,31370
충청북도,진천군,2941
충청북도,진천군,3332
충청북도,진천군,2043
충청북도,진천군,6383
충청북도,진천군,10956
충청북도,괴산군,9246
충청북도,괴산군,1988
충청북도,괴산군,1885
충청북도,괴산군,2163
충청북도,괴산군,3087
충청북도,괴산군,2134
충청북도,괴산군,5057
충청북도,괴산군,3248
충청북도,괴산군,2523
충청북도,괴산군,2137
충청북도,괴산군,2604
충청북도,음성군,16172
충청북도,음성군,18952
충청북도,음성군,2764
충청북도,음성군,3016
충청북도,음성군,13029
충청북도,음성군,16502
충청북도,음성군,6412
충청북도,음성군,4420
충청북도,음성군,9710
충청북도,단양군,10230
충청북도,단양군,4867
충청북도,단양군,2317
충청북도,단양군,1994
충청북도,단양군,3084
충청북도,단양군,1847
충청북도,단양군,1459
충청북도,단양군,1627
충청남도,천안시 동남구,22508
충청남도,천안시 동남구,9847
충청남도,천안시 동남구,4079
충청남도,천안시 동남구,4193
충청남도,천안시 동남구,2868
충청남도,천안시 동남구,2121
충청남도,천안시 동남구,6072
충청남도,천안시 동남구,1930
충청남도,천안시 동남구,4760
충청남도,천안시 동남구,7842
충청남도,천안시 동남구,7869
충청남도,천안시 동남구,8971
충청남도,천안시 동남구,16243
충청남도,천안시 동남구,22882
충청남도,천안시 동남구,43056
충청남도,천안시 동남구,58333
충청남도,천안시 동남구,37502
충청남도,천안시 서북구,22145
충청남도,천안시 서북구,21753
충청남도,천안시 서북구,19513
충청남도,천안시 서북구,7786
충청남도,천안시 서북구,16842
충청남도,천안시 서북구,24972
충청남도,천안시 서북구,12752
충청남도,천안시 서북구,34793
충청남도,천안시 서북구,17341
충청남도,천안시 서북구,39324
충청남도,천안시 서북구,31766
충청남도,천안시 서북구,37179
충청남도,천안시 서북구,50606
충청남도,천안시 서북구,61952
충청남도,공주시,6861
충청남도,공주시,2959
충청남도,공주시,2742
충청남도,공주시,5136
충청남도,공주시,3999
충청남도,공주시,4323
충청남도,공주시,4617
충청남도,공주시,4835
충청남도,공주시,2724
충청남도,공주시,3022
충청남도,공주시,4227
충청남도,공주시,7412
충청남도,공주시,5279
충청남도,공주시,7090
충청남도,공주시,19497
충청남도,공주시,16718
충청남도,보령시,5626
충청남도,보령시,1507
충청남도,보령시,2004
충청남도,보령시,1494
충청남도,보령시,1014
충청남도,보령시,3151
충청남도,보령시,2346
충청남도,보령시,3518
충청남도,보령시,4750
충청남도,보령시,2214
충청남도,보령시,1604
충청남도,보령시,1936
충청남도,보령시,4867
충청남도,보령시,12769
충청남도,보령시,6140
충청남도,보령시,15462
충청남도,보령시,17723
충청남도,보령시,5789
충청남도,아산시,5790
충청남도,아산시,90131
충청남도,아산시,4011
충청남도,아산시,46133
충청남도,아산시,23004
충청남도,아산시,23692
충청남도,아산시,5272
충청남도,아산시,5653
충청남도,아산시,2852
충청남도,아산시,4203
충청남도,아산시,22364
충청남도,아산시,9662
충청남도,아산시,9737
충청남도,아산시,38802
충청남도,아산시,15853
충청남도,아산시,20996
충청남도,아산시,26352
충청남도,서산시,12574
충청남도,서산시,7013
충청남도,서산시,5062
충청남도,서산시,3214
충청남도,서산시,7759
충청남도,서산시,16958
충청남도,서산시,9041
충청남도,서산시,4884
충청남도,서산시,7083
충청남도,서산시,5672
충청남도,서산시,17715
충청남도,서산시,17377
충청남도,서산시,8189
충청남도,서산시,17509
충청남도,서산시,34606
충청남도,논산시,7282
충청남도,논산시,12551
충청남도,논산시,3748
충청남도,논산시,3889
충청남도,논산시,2713
충청남도,논산시,3346
충청남도,논산시,3272
충청남도,논산시,5716
충청남도,논산시,2319
충청남도,논산시,5814
충청남도,논산시,3142
충청남도,논산시,3758
충청남도,논산시,2053
충청남도,논산시,34170
충청남도,논산시,14885
충청남도,계룡시,14101
충청남도,계룡시,16807
충청남도,계룡시,7680
충청남도,계룡시,8036
충청남도,당진시,7896
충청남도,당진시,28976
충청남도,당진시,5823
충청남도,당진시,8278
충청남도,당진시,2227
충청남도,당진시,3473
충청남도,당진시,3310
충청남도,당진시,4700
충청남도,당진시,5221
충청남도,당진시,14442
충청남도,당진시,11389
충청남도,당진시,38282
충청남도,당진시,21972
충청남도,당진시,15836
충청남도,금산군,22592
충청남도,금산군,3047
충청남도,금산군,2706
충청남도,금산군,2338
충청남도,금산군,2324
충청남도,금산군,2767
충청남도,금산군,1985
충청남도,금산군,3109
충청남도,금산군,2857
충청남도,금산군,5897
충청남도,부여군,18045
충청남도,부여군,11466
충청남도,부여군,3512
충청남도,부여군,2168
충청남도,부여군,1462
충청남도,부여군,2180
충청남도,부여군,2575
충청남도,부여군,1333
충청남도,부여군,1712
충청남도,부여군,1056
충청남도,부여군,1558
충청남도,부여군,2614
충청남도,부여군,2485
충청남도,부여군,2889
충청남도,부여군,2641
충청남도,부여군,1942
충청남도,서천군,10764
충청남도,서천군,12756
충청남도,서천군,4506
충청남도,서천군,2056
충청남도,서천군,1464
충청남도,서천군,2306
충청남도,서천군,1390
충청남도,서천군,1153
충청남도,서천군,1182
충청남도,서천군,1925
충청남도,서천군,1961
충청남도,서천군,2794
충청남도,서천군,4032
충청남도,청양군,10079
충청남도,청양군,1981
충청남도,청양군,2170
충청남도,청양군,3356
충청남도,청양군,1449
충청남도,청양군,1767
충청남도,청양군,2193
충청남도,청양군,2571
충청남도,청양군,2018
충청남도,청양군,2062
충청남도,홍성군,35270
충청남도,홍성군,7433
충청남도,홍성군,33576
충청남도,홍성군,3249
충청남도,홍성군,3281
충청남도,홍성군,2726
충청남도,홍성군,2062
충청남도,홍성군,1939
충청남도,홍성군,2983
충청남도,홍성군,3323
충청남도,홍성군,3291
충청남도,예산군,30077
충청남도,예산군,16891
충청남도,예산군,2289
충청남도,예산군,2880
충청남도,예산군,2862
충청남도,예산군,1640
충청남도,예산군,2324
충청남도,예산군,6256
충청남도,예산군,2320
충청남도,예산군,4137
충청남도,예산군,3151
충청남도,예산군,3828
충청남도,태안군,28867
충청남도,태안군,7987
충청남도,태안군,2254
충청남도,태안군,4217
충청남도,태안군,5334
충청남도,태안군,5138
충청남도,태안군,4275
충청남도,태안군,2152
전라남도,목포시,9378
전라남도,목포시,4480
전라남도,목포시,3925
전라남도,목포시,8915
전라남도,목포시,10156
전라남도,목포시,11618
전라남도,목포시,4726
전라남도,목포시,6246
전라남도,목포시,4619
전라남도,목포시,5567
전라남도,목포시,2372
전라남도,목포시,3814
전라남도,목포시,2709
전라남도,목포시,8444
전라남도,목포시,15868
전라남도,목포시,10125
전라남도,목포시,21816
전라남도,목포시,14039
전라남도,목포시,16153
전라남도,목포시,4372
전라남도,목포시,10701
전라남도,목포시,7941
전라남도,목포시,22277
전라남도,여수시,2374
전라남도,여수시,8031
전라남도,여수시,1798
전라남도,여수시,21583
전라남도,여수시,5786
전라남도,여수시,6075
전라남도,여수시,2658
전라남도,여수시,1271
전라남도,여수시,757
전라남도,여수시,1953
전라남도,여수시,3965
전라남도,여수시,2672
전라남도,여수시,3765
전라남도,여수시,3412
전라남도,여수시,5327
전라남도,여수시,3850
전라남도,여수시,4583
전라남도,여수시,10240
전라남도,여수시,7178
전라남도,여수시,16017
전라남도,여수시,18827
전라남도,여수시,11204
전라남도,여수시,9507
전라남도,여수시,10209
전라남도,여수시,31373
전라남도,여수시,43672
전라남도,여수시,19332
전라남도,여수시,7597
전라남도,여수시,2030
전라남도,여수시,1074
전라남도,순천시,2406
전라남도,순천시,4177
전라남도,순천시,18333
전라남도,순천시,33021
전라남도,순천시,15397
전라남도,순천시,2673
전라남도,순천시,1620
전라남도,순천시,2897
전라남도,순천시,1363
전라남도,순천시,763
전라남도,순천시,2875
전라남도,순천시,5191
전라남도,순천시,2813
전라남도,순천시,3202
전라남도,순천시,6401
전라남도,순천시,29087
전라남도,순천시,7187
전라남도,순천시,40134
전라남도,순천시,6874
전라남도,순천시,7668
전라남도,순천시,2541
전라남도,순천시,1898
전라남도,순천시,2556
전라남도,순천시,17123
전라남도,순천시,40786
전라남도,순천시,17140
전라남도,나주시,11728
전라남도,나주시,2336
전라남도,나주시,2584
전라남도,나주시,1259
전라남도,나주시,2135
전라남도,나주시,2253
전라남도,나주시,3331
전라남도,나주시,1767
전라남도,나주시,4217
전라남도,나주시,6857
전라남도,나주시,3105
전라남도,나주시,1781
전라남도,나주시,3847
전라남도,나주시,7931
전라남도,나주시,2611
전라남도,나주시,4403
전라남도,나주시,8220
전라남도,나주시,2775
전라남도,나주시,3205
전라남도,나주시,40359
전라남도,광양시,47830
전라남도,광양시,2016
전라남도,광양시,2858
전라남도,광양시,4748
전라남도,광양시,2519
전라남도,광양시,2520
전라남도,광양시,1625
전라남도,광양시,11782
전라남도,광양시,56986
전라남도,광양시,10433
전라남도,광양시,9800
전라남도,광양시,1475
전라남도,담양군,15000
전라남도,담양군,2572
전라남도,담양군,2909
전라남도,담양군,1185
전라남도,담양군,3520
전라남도,담양군,1853
전라남도,담양군,2349
전라남도,담양군,2438
전라남도,담양군,1758
전라남도,담양군,2270
전라남도,담양군,4717
전라남도,담양군,4084
전라남도,곡성군,7577
전라남도,곡성군,1769
전라남도,곡성군,1625
전라남도,곡성군,2144
전라남도,곡성군,1306
전라남도,곡성군,1860
전라남도,곡성군,1090
전라남도,곡성군,3936
전라남도,곡성군,2260
전라남도,곡성군,1593
전라남도,곡성군,1430
전라남도,구례군,10223
전라남도,구례군,1278
전라남도,구례군,1414
전라남도,구례군,2437
전라남도,구례군,2382
전라남도,구례군,2161
전라남도,구례군,1322
전라남도,구례군,2830
전라남도,고흥군,12402
전라남도,고흥군,9374
전라남도,고흥군,528
전라남도,고흥군,190
전라남도,고흥군,2887
전라남도,고흥군,2720
전라남도,고흥군,4021
전라남도,고흥군,3600
전라남도,고흥군,4550
전라남도,고흥군,1815
전라남도,고흥군,2537
전라남도,고흥군,3050
전라남도,고흥군,2150
전라남도,고흥군,2905
전라남도,고흥군,2105
전라남도,고흥군,2834
전라남도,고흥군,1197
전라남도,고흥군,1408
전라남도,보성군,8367
전라남도,보성군,10870
전라남도,보성군,1067
전라남도,보성군,1314
전라남도,보성군,1053
전라남도,보성군,1111
전라남도,보성군,1503
전라남도,보성군,908
전라남도,보성군,3387
전라남도,보성군,2507
전라남도,보성군,1100
전라남도,보성군,2853
전라남도,보성군,1030
전라남도,화순군,39185
전라남도,화순군,896
전라남도,화순군,398
전라남도,화순군,1696
전라남도,화순군,948
전라남도,화순군,1714
전라남도,화순군,2897
전라남도,화순군,2714
전라남도,화순군,1356
전라남도,화순군,936
전라남도,화순군,1525
전라남도,화순군,1503
전라남도,화순군,2066
전라남도,화순군,2998
전라남도,장흥군,14290
전라남도,장흥군,4480
전라남도,장흥군,3031
전라남도,장흥군,2130
전라남도,장흥군,2632
전라남도,장흥군,1132
전라남도,장흥군,1964
전라남도,장흥군,951
전라남도,장흥군,1344
전라남도,장흥군,2513
전라남도,강진군,12810
전라남도,강진군,4301
전라남도,강진군,2088
전라남도,강진군,1013
전라남도,강진군,2330
전라남도,강진군,1629
전라남도,강진군,2585
전라남도,강진군,1722
전라남도,강진군,1487
전라남도,강진군,581
전라남도,강진군,1651
전라남도,해남군,23522
전라남도,해남군,2711
전라남도,해남군,2924
전라남도,해남군,2615
전라남도,해남군,5568
전라남도,해남군,2522
전라남도,해남군,1887
전라남도,해남군,2804
전라남도,해남군,2032
전라남도,해남군,2242
전라남도,해남군,4245
전라남도,해남군,3383
전라남도,해남군,3596
전라남도,해남군,3229
전라남도,영암군,7756
전라남도,영암군,15347
전라남도,영암군,6260
전라남도,영암군,1700
전라남도,영암군,1980
전라남도,영암군,3397
전라남도,영암군,3258
전라남도,영암군,2071
전라남도,영암군,3033
전라남도,영암군,1781
전라남도,영암군,2811
전라남도,영암군,2062
전라남도,무안군,10788
전라남도,무안군,20872
전라남도,무안군,5064
전라남도,무안군,33305
전라남도,무안군,2763
전라남도,무안군,6345
전라남도,무안군,4305
전라남도,무안군,1802
전라남도,무안군,4525
전라남도,무안군,2718
전라남도,함평군,8175
전라남도,함평군,3125
전라남도,함평군,1699
전라남도,함평군,3433
전라남도,함평군,1807
전라남도,함평군,2953
전라남도,함평군,2625
전라남도,함평군,2685
전라남도,함평군,3516
전라남도,영광군,22541
전라남도,영광군,4374
전라남도,영광군,6725
전라남도,영광군,1583
전라남도,영광군,1710
전라남도,영광군,1397
전라남도,영광군,2225
전라남도,영광군,2238
전라남도,영광군,3770
전라남도,영광군,4815
전라남도,영광군,413
전라남도,영광군,208
전라남도,장성군,13504
전라남도,장성군,3608
전라남도,장성군,3610
전라남도,장성군,1805
전라남도,장성군,3008
전라남도,장성군,5274
전라남도,장성군,3812
전라남도,장성군,1503
전라남도,장성군,1325
전라남도,장성군,2655
전라남도,장성군,1983
전라남도,완도군,17071
전라남도,완도군,3425
전라남도,완도군,3905
전라남도,완도군,703
전라남도,완도군,2936
전라남도,완도군,3137
전라남도,완도군,3870
전라남도,완도군,2175
전라남도,완도군,1926
전라남도,완도군,213
전라남도,완도군,2267
전라남도,완도군,859
전라남도,완도군,2474
전라남도,완도군,741
전라남도,진도군,10352
전라남도,진도군,2793
전라남도,진도군,3321
전라남도,진도군,3273
전라남도,진도군,3185
전라남도,진도군,2892
전라남도,진도군,2108
전라남도,진도군,241
전라남도,진도군,380
전라남도,신안군,4412
전라남도,신안군,223
전라남도,신안군,5552
전라남도,신안군,245
전라남도,신안군,208
전라남도,신안군,1421
전라남도,신안군,302
전라남도,신안군,3207
전라남도,신안군,2244
전라남도,신안군,3595
전라남도,신안군,2373
전라남도,신안군,216
전라남도,신안군,2074
전라남도,신안군,357
전라남도,신안군,200
전라남도,신안군,435
전라남도,신안군,276
전라남도,신안군,1610
전라남도,신안군,1488
전라남도,신안군,1470
전라남도,신안군,3037
전라남도,신안군,336
전라남도,신안군,907
전라남도,신안군,1914
경상북도,포항시 남구,6641
경상북도,포항시 남구,28261
경상북도,포항시 남구,57512
경상북도,포항시 남구,3116
경상북도,포항시 남구,9266
경상북도,포항시 남구,3754
경상북도,포항시 남구,1694
경상북도,포항시 남구,23113
경상북도,포항시 남구,16108
경상북도,포항시 남구,11262
경상북도,포항시 남구,4684
경상북도,포항시 남구,2340
경상북도,포항시 남구,29587
경상북도,포항시 남구,24344
경상북도,포항시 북구,51407
경상북도,포항시 북구,2756
경상북도,포항시 북구,4433
경상북도,포항시 북구,2330
경상북도,포항시 북구,4796
경상북도,포항시 북구,2048
경상북도,포항시 북구,607
경상북도,포항시 북구,1301
경상북도,포항시 북구,13955
경상북도,포항시 북구,16661
경상북도,포항시 북구,18839
경상북도,포항시 북구,20133
경상북도,포항시 북구,31898
경상북도,포항시 북구,21460
경상북도,포항시 북구,68562
경상북도,포항시 북구,8805
경상북도,경주시,5185
경상북도,경주시,22569
경상북도,경주시,10033
경상북도,경주시,21600
경상북도,경주시,4083
경상북도,경주시,6377
경상북도,경주시,4433
경상북도,경주시,3190
경상북도,경주시,2969
경상북도,경주시,21857
경상북도,경주시,5925
경상북도,경주시,5539
경상북도,경주시,4609
경상북도,경주시,5670
경상북도,경주시,13092
경상북도,경주시,3835
경상북도,경주시,14120
경상북도,경주시,5484
경상북도,경주시,25251
경상북도,경주시,27195
경상북도,경주시,20680
경상북도,경주시,9773
경상북도,경주시,1658
경상북도,김천시,7585
경상북도,김천시,3092
경상북도,김천시,2939
경상북도,김천시,2229
경상북도,김천시,3108
경상북도,김천시,3989
경상북도,김천시,2843
경상북도,김천시,3170
경상북도,김천시,1775
경상북도,김천시,2078
경상북도,김천시,2615
경상북도,김천시,1380
경상북도,김천시,1209
경상북도,김천시,2151
경상북도,김천시,960
경상북도,김천시,5962
경상북도,김천시,6961
경상북도,김천시,3464
경상북도,김천시,23738
경상북도,김천시,20352
경상북도,김천시,10558
경상북도,김천시,23403
경상북도,안동시,7449
경상북도,안동시,3732
경상북도,안동시,2762
경상북도,안동시,3674
경상북도,안동시,7241
경상북도,안동시,2438
경상북도,안동시,1617
경상북도,안동시,1971
경상북도,안동시,2580
경상북도,안동시,2561
경상북도,안동시,1613
경상북도,안동시,1653
경상북도,안동시,1406
경상북도,안동시,1598
경상북도,안동시,4805
경상북도,안동시,4584
경상북도,안동시,24314
경상북도,안동시,8320
경상북도,안동시,12010
경상북도,안동시,5777
경상북도,안동시,5811
경상북도,안동시,19969
경상북도,안동시,15220
경상북도,안동시,10339
경상북도,구미시,13586
경상북도,구미시,39025
경상북도,구미시,30733
경상북도,구미시,1759
경상북도,구미시,1621
경상북도,구미시,2024
경상북도,구미시,3658
경상북도,구미시,2784
경상북도,구미시,23363
경상북도,구미시,9515
경상북도,구미시,26992
경상북도,구미시,1861
경상북도,구미시,36861
경상북도,구미시,12751
경상북도,구미시,15335
경상북도,구미시,4611
경상북도,구미시,2950
경상북도,구미시,12409
경상북도,구미시,4089
경상북도,구미시,29370
경상북도,구미시,17436
경상북도,구미시,46102
경상북도,구미시,16392
경상북도,구미시,45543
경상북도,구미시,4030
경상북도,영주시,10447
경상북도,영주시,2186
경상북도,영주시,1374
경상북도,영주시,1881
경상북도,영주시,2018
경상북도,영주시,2786
경상북도,영주시,2522
경상북도,영주시,1878
경상북도,영주시,1717
경상북도,영주시,2814
경상북도,영주시,7060
경상북도,영주시,5788
경상북도,영주시,3546
경상북도,영주시,4534
경상북도,영주시,6141
경상북도,영주시,9660
경상북도,영주시,7161
경상북도,영주시,15337
경상북도,영주시,10178
경상북도,영천시,10261
경상북도,영천시,3919
경상북도,영천시,3606
경상북도,영천시,2997
경상북도,영천시,2209
경상북도,영천시,3165
경상북도,영천시,1326
경상북도,영천시,4142
경상북도,영천시,5688
경상북도,영천시,4321
경상북도,영천시,2983
경상북도,영천시,26589
경상북도,영천시,9120
경상북도,영천시,4457
경상북도,영천시,9896
경상북도,영천시,3813
경상북도,상주시,6106
경상북도,상주시,1292
경상북도,상주시,3611
경상북도,상주시,2807
경상북도,상주시,928
경상북도,상주시,2389
경상북도,상주시,3775
경상북도,상주시,1511
경상북도,상주시,1791
경상북도,상주시,2516
경상북도,상주시,1630
경상북도,상주시,709
경상북도,상주시,1863
경상북도,상주시,2796
경상북도,상주시,1114
경상북도,상주시,323
경상북도,상주시,2495
경상북도,상주시,1090
경상북도,상주시,355
경상북도,상주시,2004
경상북도,상주시,1931
경상북도,상주시,790
경상북도,상주시,11088
경상북도,상주시,9168
경상북도,상주시,8852
경상북도,상주시,7416
경상북도,상주시,3237
경상북도,상주시,8423
경상북도,문경시,5598
경상북도,문경시,1073
경상북도,문경시,3036
경상북도,문경시,852
경상북도,문경시,2285
경상북도,문경시,2919
경상북도,문경시,2288
경상북도,문경시,2576
경상북도,문경시,1924
경상북도,문경시,3286
경상북도,문경시,2502
경상북도,문경시,5344
경상북도,문경시,6482
경상북도,문경시,8443
경상북도,문경시,2927
경상북도,문경시,15805
경상북도,경산시,32776
경상북도,경산시,33467
경상북도,경산시,21808
경상북도,경산시,5237
경상북도,경산시,5190
경상북도,경산시,3223
경상북도,경산시,3557
경상북도,경산시,2712
경상북도,경산시,10759
경상북도,경산시,5786
경상북도,경산시,18492
경상북도,경산시,30270
경상북도,경산시,41046
경상북도,경산시,16339
경상북도,경산시,36040
경상북도,의성군,12316
경상북도,의성군,1840
경상북도,의성군,1508
경상북도,의성군,1692
경상북도,의성군,1523
경상북도,의성군,1491
경상북도,의성군,1431
경상북도,의성군,4066
경상북도,의성군,3849
경상북도,의성군,2543
경상북도,의성군,1688
경상북도,의성군,1610
경상북도,의성군,1671
경상북도,의성군,4240
경상북도,의성군,3621
경상북도,의성군,794
경상북도,의성군,2043
경상북도,의성군,854
경상북도,청송군,4865
경상북도,청송군,1783
경상북도,청송군,2365
경상북도,청송군,2013
경상북도,청송군,2397
경상북도,청송군,2450
경상북도,청송군,1673
경상북도,청송군,6191
경상북도,영양군,6684
경상북도,영양군,1976
경상북도,영양군,1546
경상북도,영양군,1652
경상북도,영양군,1574
경상북도,영양군,1903
경상북도,영덕군,10194
경상북도,영덕군,5612
경상북도,영덕군,2221
경상북도,영덕군,1060
경상북도,영덕군,1359
경상북도,영덕군,514
경상북도,영덕군,856
경상북도,영덕군,1497
경상북도,영덕군,5873
경상북도,영덕군,2551
경상북도,영덕군,1506
경상북도,청도군,6965
경상북도,청도군,1094
경상북도,청도군,9669
경상북도,청도군,1494
경상북도,청도군,2119
경상북도,청도군,3689
경상북도,청도군,2292
경상북도,청도군,4448
경상북도,청도군,1932
경상북도,청도군,3204
경상북도,청도군,3711
경상북도,고령군,9435
경상북도,고령군,1447
경상북도,고령군,1736
경상북도,고령군,2483
경상북도,고령군,8461
경상북도,고령군,1821
경상북도,고령군,1527
경상북도,고령군,3215
경상북도,성주군,13247
경상북도,성주군,5928
경상북도,성주군,3530
경상북도,성주군,3157
경상북도,성주군,1929
경상북도,성주군,1174
경상북도,성주군,2218
경상북도,성주군,2888
경상북도,성주군,4246
경상북도,성주군,3154
경상북도,칠곡군,30646
경상북도,칠곡군,23161
경상북도,칠곡군,30113
경상북도,칠곡군,3804
경상북도,칠곡군,5062
경상북도,칠곡군,3198
경상북도,칠곡군,8680
경상북도,칠곡군,2935
경상북도,예천군,13761
경상북도,예천군,20836
경상북도,예천군,2111
경상북도,예천군,2455
경상북도,예천군,1558
경상북도,예천군,2436
경상북도,예천군,2227
경상북도,예천군,1459
경상북도,예천군,2555
경상북도,예천군,2805
경상북도,예천군,1175
경상북도,예천군,1273
경상북도,봉화군,9120
경상북도,봉화군,2817
경상북도,봉화군,1913
경상북도,봉화군,1888
경상북도,봉화군,4184
경상북도,봉화군,2077
경상북도,봉화군,1409
경상북도,봉화군,2103
경상북도,봉화군,1642
경상북도,봉화군,1781
경상북도,울진군,13390
경상북도,울진군,2496
경상북도,울진군,6893
경상북도,울진군,635
경상북도,울진군,2694
경상북도,울진군,2333
경상북도,울진군,1542
경상북도,울진군,6080
경상북도,울진군,6991
경상북도,울진군,1188
경상북도,울진군,1924
경상북도,울릉군,6394
경상북도,울릉군,948
경상북도,울릉군,451
경상북도,울릉군,1351
경상남도,창원시 의창구,18296
경상남도,창원시 의창구,42958
경상남도,창원시 의창구,6659
경상남도,창원시 의창구,48584
경상남도,창원시 의창구,24939
경상남도,창원시 의창구,38927
경상남도,창원시 의창구,29366
경상남도,창원시 성산구,38964
경상남도,창원시 성산구,26275
경상남도,창원시 성산구,37753
경상남도,창원시 성산구,26380
경상남도,창원시 성산구,44628
경상남도,창원시 성산구,37491
경상남도,창원시 성산구,26111
경상남도,창원시 성산구,7055
경상남도,창원시 마산합포구,3923
경상남도,창원시 마산합포구,11568
경상남도,창원시 마산합포구,3110
경상남도,창원시 마산합포구,3631
경상남도,창원시 마산합포구,13608
경상남도,창원시 마산합포구,4885
경상남도,창원시 마산합포구,41024
경상남도,창원시 마산합포구,10825
경상남도,창원시 마산합포구,13244
경상남도,창원시 마산합포구,8390
경상남도,창원시 마산합포구,9001
경상남도,창원시 마산합포구,18954
경상남도,창원시 마산합포구,18196
경상남도,창원시 마산합포구,6585
경상남도,창원시 마산합포구,11434
경상남도,창원시 마산회원구,59528
경상남도,창원시 마산회원구,9554
경상남도,창원시 마산회원구,9531
경상남도,창원시 마산회원구,15859
경상남도,창원시 마산회원구,5202
경상남도,창원시 마산회원구,10339
경상남도,창원시 마산회원구,32413
경상남도,창원시 마산회원구,8629
경상남도,창원시 마산회원구,8230
경상남도,창원시 마산회원구,8123
경상남도,창원시 마산회원구,8765
경상남도,창원시 마산회원구,2853
경상남도,창원시 진해구,15484
경상남도,창원시 진해구,7821
경상남도,창원시 진해구,3470
경상남도,창원시 진해구,10490
경상남도,창원시 진해구,6893
경상남도,창원시 진해구,17109
경상남도,창원시 진해구,8255
경상남도,창원시 진해구,20242
경상남도,창원시 진해구,9254
경상남도,창원시 진해구,24835
경상남도,창원시 진해구,13849
경상남도,창원시 진해구,7670
경상남도,창원시 진해구,43531
경상남도,진주시,7610
경상남도,진주시,3934
경상남도,진주시,8735
경상남도,진주시,2039
경상남도,진주시,1765
경상남도,진주시,2370
경상남도,진주시,1480
경상남도,진주시,1395
경상남도,진주시,1336
경상남도,진주시,2912
경상남도,진주시,19967
경상남도,진주시,4368
경상남도,진주시,1486
경상남도,진주시,3748
경상남도,진주시,966
경상남도,진주시,2099
경상남도,진주시,26966
경상남도,진주시,9634
경상남도,진주시,10244
경상남도,진주시,12900
경상남도,진주시,18248
경상남도,진주시,22877
경상남도,진주시,10706
경상남도,진주시,25750
경상남도,진주시,25686
경상남도,진주시,11045
경상남도,진주시,10025
경상남도,진주시,20206
경상남도,진주시,34759
경상남도,진주시,33796
경상남도,통영시,4280
경상남도,통영시,11699
경상남도,통영시,2670
경상남도,통영시,30569
경상남도,통영시,1925
경상남도,통영시,1888
경상남도,통영시,1355
경상남도,통영시,8163
경상남도,통영시,2512
경상남도,통영시,3387
경상남도,통영시,7959
경상남도,통영시,9826
경상남도,통영시,10139
경상남도,통영시,9174
경상남도,통영시,13066
경상남도,사천시,17128
경상남도,사천시,13595
경상남도,사천시,17675
경상남도,사천시,7059
경상남도,사천시,1485
경상남도,사천시,3098
경상남도,사천시,2657
경상남도,사천시,3319
경상남도,사천시,5268
경상남도,사천시,4720
경상남도,사천시,6048
경상남도,사천시,14732
경상남도,사천시,6722
경상남도,사천시,4849
경상남도,사천시,225
경상남도,김해시,53862
경상남도,김해시,19810
경상남도,김해시,5727
경상남도,김해시,6558
경상남도,김해시,3466
경상남도,김해시,2962
경상남도,김해시,5131
경상남도,김해시,8742
경상남도,김해시,8205
경상남도,김해시,8970
경상남도,김해시,69546
경상남도,김해시,81258
경상남도,김해시,8910
경상남도,김해시,36738
경상남도,김해시,35412
경상남도,김해시,6672
경상남도,김해시,58430
경상남도,김해시,37557
경상남도,김해시,73931
경상남도,밀양시,4924
경상남도,밀양시,1287
경상남도,밀양시,6629
경상남도,밀양시,5260
경상남도,밀양시,3064
경상남도,밀양시,2735
경상남도,밀양시,3645
경상남도,밀양시,4251
경상남도,밀양시,7656
경상남도,밀양시,3265
경상남도,밀양시,4633
경상남도,밀양시,1690
경상남도,밀양시,2502
경상남도,밀양시,17221
경상남도,밀양시,19161
경상남도,밀양시,7416
경상남도,밀양시,5369
경상남도,거제시,7821
경상남도,거제시,2853
경상남도,거제시,1453
경상남도,거제시,6871
경상남도,거제시,2646
경상남도,거제시,10862
경상남도,거제시,1045
경상남도,거제시,8308
경상남도,거제시,3136
경상남도,거제시,1022
경상남도,거제시,2769
경상남도,거제시,1268
경상남도,거제시,5250
경상남도,거제시,8476
경상남도,거제시,25169
경상남도,거제시,6991
경상남도,거제시,24144
경상남도,거제시,19821
경상남도,거제시,36369
경상남도,거제시,34260
경상남도,거제시,22429
경상남도,양산시,116847
경상남도,양산시,54480
경상남도,양산시,3189
경상남도,양산시,13404
경상남도,양산시,7490
경상남도,양산시,10712
경상남도,양산시,30046
경상남도,양산시,19836
경상남도,양산시,8227
경상남도,양산시,26415
경상남도,양산시,19875
경상남도,양산시,28384
경상남도,양산시,20178
경상남도,의령군,8967
경상남도,의령군,1591
경상남도,의령군,1128
경상남도,의령군,1027
경상남도,의령군,1463
경상남도,의령군,1441
경상남도,의령군,1320
경상남도,의령군,1751
경상남도,의령군,685
경상남도,의령군,2617
경상남도,의령군,938
경상남도,의령군,1057
경상남도,의령군,1107
경상남도,함안군,17047
경상남도,함안군,17959
경상남도,함안군,2337
경상남도,함안군,5680
경상남도,함안군,2679
경상남도,함안군,3043
경상남도,함안군,4897
경상남도,함안군,1812
경상남도,함안군,2593
경상남도,함안군,879
경상남도,창녕군,15497
경상남도,창녕군,11503
경상남도,창녕군,1725
경상남도,창녕군,1519
경상남도,창녕군,3527
경상남도,창녕군,2259
경상남도,창녕군,1628
경상남도,창녕군,2287
경상남도,창녕군,2095
경상남도,창녕군,4917
경상남도,창녕군,1772
경상남도,창녕군,2491
경상남도,창녕군,1434
경상남도,창녕군,3413
경상남도,고성군,22813
경상남도,고성군,1708
경상남도,고성군,1754
경상남도,고성군,2564
경상남도,고성군,1521
경상남도,고성군,1566
경상남도,고성군,849
경상남도,고성군,1337
경상남도,고성군,1034
경상남도,고성군,957
경상남도,고성군,3341
경상남도,고성군,1644
경상남도,고성군,2994
경상남도,고성군,4093
경상남도,남해군,12283
경상남도,남해군,3585
경상남도,남해군,1550
경상남도,남해군,3640
경상남도,남해군,2057
경상남도,남해군,3249
경상남도,남해군,2408
경상남도,남해군,3250
경상남도,남해군,2633
경상남도,남해군,5263
경상남도,하동군,9247
경상남도,하동군,2811
경상남도,하동군,3322
경상남도,하동군,1848
경상남도,하동군,1770
경상남도,하동군,1972
경상남도,하동군,3160
경상남도,하동군,5537
경상남도,하동군,1595
경상남도,하동군,1511
경상남도,하동군,1326
경상남도,하동군,4020
경상남도,하동군,2706
경상남도,산청군,6543
경상남도,산청군,1355
경상남도,산청군,990
경상남도,산청군,1836
경상남도,산청군,2811
경상남도,산청군,1756
경상남도,산청군,3923
경상남도,산청군,5526
경상남도,산청군,5494
경상남도,산청군,1142
경상남도,산청군,1932
경상남도,함양군,17115
경상남도,함양군,2016
경상남도,함양군,1450
경상남도,함양군,1536
경상남도,함양군,2241
경상남도,함양군,1940
경상남도,함양군,4112
경상남도,함양군,1320
경상남도,함양군,1686
경상남도,함양군,1515
경상남도,함양군,1239
경상남도,거창군,39776
경상남도,거창군,1463
경상남도,거창군,1773
경상남도,거창군,1339
경상남도,거창군,1524
경상남도,거창군,1892
경상남도,거창군,1912
경상남도,거창군,2290
경상남도,거창군,1431
경상남도,거창군,1495
경상남도,거창군,3471
경상남도,거창군,1334
경상남도,합천군,10684
경상남도,합천군,1351
경상남도,합천군,1414
경상남도,합천군,3872
경상남도,합천군,2255
경상남도,합천군,2025
경상남도,합천군,2180
경상남도,합천군,1167
경상남도,합천군,778
경상남도,합천군,1474
경상남도,합천군,1280
경상남도,합천군,1689
경상남도,합천군,1605
경상남도,합천군,2967
경상남도,합천군,1680
경상남도,합천군,1834
경상남도,합천군,2057
제주특별자치도,제주시,20468
제주특별자치도,제주시,38083
제주특별자치도,제주시,15185
제주특별자치도,제주시,25889
제주특별자치도,제주시,9592
제주특별자치도,제주시,1563
제주특별자치도,제주시,1580
제주특별자치도,제주시,2132
제주특별자치도,제주시,31139
제주특별자치도,제주시,7714
제주특별자치도,제주시,47321
제주특별자치도,제주시,12785
제주특별자치도,제주시,7684
제주특별자치도,제주시,6479
제주특별자치도,제주시,13774
제주특별자치도,제주시,8611
제주특별자치도,제주시,23047
제주특별자치도,제주시,26195
제주특별자치도,제주시,5139
제주특별자치도,제주시,40622
제주특별자치도,제주시,16029
제주특별자치도,제주시,42645
제주특별자치도,제주시,54904
제주특별자치도,제주시,22421
제주특별자치도,제주시,4348
제주특별자치도,제주시,3264
제주특별자치도,서귀포시,21999
제주특별자치도,서귀포시,18123
제주특별자치도,서귀포시,15004
제주특별자치도,서귀포시,12356
제주특별자치도,서귀포시,12707
제주특별자치도,서귀포시,3811
제주특별자치도,서귀포시,2106
제주특별자치도,서귀포시,3130
제주특별자치도,서귀포시,3394
제주특별자치도,서귀포시,5371
제주특별자치도,서귀포시,5129
제주특별자치도,서귀포시,22889
제주특별자치도,서귀포시,11134
제주특별자치도,서귀포시,15097
제주특별자치도,서귀포시,13712
제주특별자치도,서귀포시,12252
제주특별자치도,서귀포시,3805
강원특별자치도,춘천시,7125
강원특별자치도,춘천시,19063
강원특별자치도,춘천시,1356
강원특별자치도,춘천시,2551
강원특별자치도,춘천시,1052
강원특별자치도,춘천시,3605
강원특별자치도,춘천시,2352
강원특별자치도,춘천시,944
강원특별자치도,춘천시,17690
강원특별자치도,춘천시,3256
강원특별자치도,춘천시,3861
강원특별자치도,춘천시,2522
강원특별자치도,춘천시,5413
강원특별자치도,춘천시,9069
강원특별자치도,춘천시,8883
강원특별자치도,춘천시,11230
강원특별자치도,춘천시,14013
강원특별자치도,춘천시,19580
강원특별자치도,춘천시,4062
강원특별자치도,춘천시,12669
강원특별자치도,춘천시,4407
강원특별자치도,춘천시,33393
강원특별자치도,춘천시,46911
강원특별자치도,춘천시,25516
강원특별자치도,춘천시,25587
강원특별자치도,원주시,17299
강원특별자치도,원주시,8118
강원특별자치도,원주시,3365
강원특별자치도,원주시,32673
강원특별자치도,원주시,2136
강원특별자치도,원주시,2084
강원특별자치도,원주시,9607
강원특별자치도,원주시,7068
강원특별자치도,원주시,3577
강원특별자치도,원주시,2262
강원특별자치도,원주시,3812
강원특별자치도,원주시,12019
강원특별자치도,원주시,7774
강원특별자치도,원주시,18407
강원특별자치도,원주시,42641
강원특별자치도,원주시,8192
강원특별자치도,원주시,4262
강원특별자치도,원주시,27628
강원특별자치도,원주시,13231
강원특별자치도,원주시,12679
강원특별자치도,원주시,23687
강원특별자치도,원주시,7361
강원특별자치도,원주시,8690
강원특별자치도,원주시,36564
강원특별자치도,원주시,47077
강원특별자치도,강릉시,15481
강원특별자치도,강릉시,3435
강원특별자치도,강릉시,1509
강원특별자치도,강릉시,4170
강원특별자치도,강릉시,3816
강원특별자치도,강릉시,3281
강원특별자치도,강릉시,5367
강원특별자치도,강릉시,6463
강원특별자치도,강릉시,14682
강원특별자치도,강릉시,4341
강원특별자치도,강릉시,3081
강원특별자치도,강릉시,24858
강원특별자치도,강릉시,7311
강원특별자치도,강릉시,10671
강원특별자치도,강릉시,11822
강원특별자치도,강릉시,4405
강원특별자치도,강릉시,9526
강원특별자치도,강릉시,18579
강원특별자치도,강릉시,16544
강원특별자치도,강릉시,27150
강원특별자치도,강릉시,11245
강원특별자치도,동해시,29129
강원특별자치도,동해시,3414
강원특별자치도,동해시,21145
강원특별자치도,동해시,4688
강원특별자치도,동해시,4722
강원특별자치도,동해시,3037
강원특별자치도,동해시,2720
강원특별자치도,동해시,13129
강원특별자치도,동해시,3223
강원특별자치도,동해시,2509
강원특별자치도,태백시,7384
강원특별자치도,태백시,3734
강원특별자치도,태백시,4967
강원특별자치도,태백시,11547
강원특별자치도,태백시,3343
강원특별자치도,태백시,3135
강원특별자치도,태백시,2128
강원특별자치도,태백시,1759
강원특별자치도,속초시,4396
강원특별자치도,속초시,5270
강원특별자치도,속초시,5524
강원특별자치도,속초시,8805
강원특별자치도,속초시,20420
강원특별자치도,속초시,29076
강원특별자치도,속초시,4643
강원특별자치도,속초시,2891
강원특별자치도,삼척시,8932
강원특별자치도,삼척시,3069
강원특별자치도,삼척시,1498
강원특별자치도,삼척시,4675
강원특별자치도,삼척시,1200
강원특별자치도,삼척시,681
강원특별자치도,삼척시,1733
강원특별자치도,삼척시,666
강원특별자치도,삼척시,640
강원특별자치도,삼척시,6635
강원특별자치도,삼척시,15268
강원특별자치도,삼척시,9620
강원특별자치도,삼척시,7335
강원특별자치도,홍천군,33721
강원특별자치도,홍천군,4205
강원특별자치도,홍천군,2393
강원특별자치도,홍천군,2418
강원특별자치도,홍천군,3641
강원특별자치도,홍천군,4041
강원특별자치도,홍천군,5630
강원특별자치도,홍천군,3751
강원특별자치도,홍천군,4048
강원특별자치도,홍천군,2962
강원특별자치도,횡성군,20701
강원특별자치도,횡성군,4332
강원특별자치도,횡성군,3148
강원특별자치도,횡성군,5952
강원특별자치도,횡성군,2465
강원특별자치도,횡성군,2373
강원특별자치도,횡성군,3419
강원특별자치도,횡성군,2019
강원특별자치도,횡성군,1751
강원특별자치도,영월군,19916
강원특별자치도,영월군,1009
강원특별자치도,영월군,1397
강원특별자치도,영월군,1779
강원특별자치도,영월군,2000
강원특별자치도,영월군,2115
강원특별자치도,영월군,1153
강원특별자치도,영월군,1550
강원특별자치도,영월군,3796
강원특별자치도,영월군,2105
강원특별자치도,평창군,8341
강원특별자치도,평창군,1533
강원특별자치도,평창군,802
강원특별자치도,평창군,1695
강원특별자치도,평창군,4965
강원특별자치도,평창군,5596
강원특별자치도,평창군,3005
강원특별자치도,평창군,8558
강원특별자치도,평창군,5892
강원특별자치도,정선군,9836
강원특별자치도,정선군,4130
강원특별자치도,정선군,4217
강원특별자치도,정선군,1704
강원특별자치도,정선군,1506
강원특별자치도,정선군,3093
강원특별자치도,정선군,2387
강원특별자치도,정선군,3310
강원특별자치도,정선군,1531
강원특별자치도,정선군,1869
강원특별자치도,철원군,4770
강원특별자치도,철원군,3036
강원특별자치도,철원군,11455
강원특별자치도,철원군,14202
강원특별자치도,철원군,1640
강원특별자치도,철원군,3422
강원특별자치도,철원군,1921
강원특별자치도,철원군,94
강원특별자치도,화천군,8270
강원특별자치도,화천군,2580
강원특별자치도,화천군,2834
강원특별자치도,화천군,3548
강원특별자치도,화천군,5743
강원특별자치도,양구군,13183
강원특별자치도,양구군,3258
강원특별자치도,양구군,1868
강원특별자치도,양구군,1156
강원특별자치도,양구군,1166
강원특별자치도,인제군,10046
강원특별자치도,인제군,496
강원특별자치도,인제군,3723
강원특별자치도,인제군,7715
강원특별자치도,인제군,5002
강원특별자치도,인제군,2492
강원특별자치도,인제군,2058
강원특별자치도,고성군,7423
강원특별자치도,고성군,5536
강원특별자치도,고성군,2171
강원특별자치도,고성군,3308
강원특별자치도,고성군,8589
강원특별자치도,양양군,12408
강원특별자치도,양양군,2704
강원특별자치도,양양군,2204
강원특별자치도,양양군,2600
강원특별자치도,양양군,2961
강원특별자치도,양양군,4608
전북특별자치도,전주시 완산구,9600
전북특별자치도,전주시 완산구,3510
전북특별자치도,전주시 완산구,10341
전북특별자치도,전주시 완산구,4818
전북특별자치도,전주시 완산구,5793
전북특별자치도,전주시 완산구,7901
전북특별자치도,전주시 완산구,13439
전북특별자치도,전주시 완산구,18862
전북특별자치도,전주시 완산구,38761
전북특별자치도,전주시 완산구,11756
전북특별자치도,전주시 완산구,43036
전북특별자치도,전주시 완산구,11558
전북특별자치도,전주시 완산구,12212
전북특별자치도,전주시 완산구,20690
전북특별자치도,전주시 완산구,12738
전북특별자치도,전주시 완산구,9057
전북특별자치도,전주시 완산구,13740
전북특별자치도,전주시 완산구,38680
전북특별자치도,전주시 완산구,36041
전북특별자치도,전주시 덕진구,12345
전북특별자치도,전주시 덕진구,17144
전북특별자치도,전주시 덕진구,10170
전북특별자치도,전주시 덕진구,29931
전북특별자치도,전주시 덕진구,20548
전북특별자치도,전주시 덕진구,8093
전북특별자치도,전주시 덕진구,9442
전북특별자치도,전주시 덕진구,7337
전북특별자치도,전주시 덕진구,11843
전북특별자치도,전주시 덕진구,13783
전북특별자치도,전주시 덕진구,18565
전북특별자치도,전주시 덕진구,64732
전북특별자치도,전주시 덕진구,26397
전북특별자치도,전주시 덕진구,12087
전북특별자치도,전주시 덕진구,15763
전북특별자치도,전주시 덕진구,36008
전북특별자치도,군산시,2901
전북특별자치도,군산시,4423
전북특별자치도,군산시,3135
전북특별자치도,군산시,2442
전북특별자치도,군산시,2329
전북특별자치도,군산시,4474
전북특별자치도,군산시,2749
전북특별자치도,군산시,2526
전북특별자치도,군산시,2020
전북특별자치도,군산시,2861
전북특별자치도,군산시,2625
전북특별자치도,군산시,2005
전북특별자치도,군산시,4610
전북특별자치도,군산시,6108
전북특별자치도,군산시,5112
전북특별자치도,군산시,3946
전북특별자치도,군산시,11461
전북특별자치도,군산시,26392
전북특별자치도,군산시,6864
전북특별자치도,군산시,11541
전북특별자치도,군산시,2457
전북특별자치도,군산시,53723
전북특별자치도,군산시,13068
전북특별자치도,군산시,21198
전북특별자치도,군산시,30024
전북특별자치도,군산시,16457
전북특별자치도,군산시,10724
전북특별자치도,익산시,6225
전북특별자치도,익산시,6897
전북특별자치도,익산시,6594
전북특별자치도,익산시,2017
전북특별자치도,익산시,1454
전북특별자치도,익산시,1754
전북특별자치도,익산시,2401
전북특별자치도,익산시,2751
전북특별자치도,익산시,2715
전북특별자치도,익산시,3009
전북특별자치도,익산시,5137
전북특별자치도,익산시,5080
전북특별자치도,익산시,4318
전북특별자치도,익산시,2479
전북특별자치도,익산시,1407
전북특별자치도,익산시,2941
전북특별자치도,익산시,4230
전북특별자치도,익산시,6150
전북특별자치도,익산시,20464
전북특별자치도,익산시,13879
전북특별자치도,익산시,10289
전북특별자치도,익산시,36986
전북특별자치도,익산시,10640
전북특별자치도,익산시,21035
전북특별자치도,익산시,12850
전북특별자치도,익산시,22768
전북특별자치도,익산시,14815
전북특별자치도,익산시,6365
전북특별자치도,익산시,30408
전북특별자치도,정읍시,4999
전북특별자치도,정읍시,3917
전북특별자치도,정읍시,2591
전북특별자치도,정읍시,1929
전북특별자치도,정읍시,2609
전북특별자치도,정읍시,1627
전북특별자치도,정읍시,1637
전북특별자치도,정읍시,1857
전북특별자치도,정읍시,2304
전북특별자치도,정읍시,3193
전북특별자치도,정읍시,2564
전북특별자치도,정읍시,1565
전북특별자치도,정읍시,2108
전북특별자치도,정읍시,1176
전북특별자치도,정읍시,1907
전북특별자치도,정읍시,16174
전북특별자치도,정읍시,2674
전북특별자치도,정읍시,20753
전북특별자치도,정읍시,3031
전북특별자치도,정읍시,9884
전북특별자치도,정읍시,5739
전북특별자치도,정읍시,3696
전북특별자치도,정읍시,4157
전북특별자치도,남원시,3559
전북특별자치도,남원시,2458
전북특별자치도,남원시,1024
전북특별자치도,남원시,1829
전북특별자치도,남원시,1694
전북특별자치도,남원시,2107
전북특별자치도,남원시,1434
전북특별자치도,남원시,1505
전북특별자치도,남원시,1459
전북특별자치도,남원시,904
전북특별자치도,남원시,1321
전북특별자치도,남원시,1640
전북특별자치도,남원시,2112
전북특별자치도,남원시,1814
전북특별자치도,남원시,2007
전북특별자치도,남원시,2670
전북특별자치도,남원시,2963
전북특별자치도,남원시,2944
전북특별자치도,남원시,5849
전북특별자치도,남원시,6018
전북특별자치도,남원시,5361
전북특별자치도,남원시,6501
전북특별자치도,남원시,16366
전북특별자치도,김제시,2527
전북특별자치도,김제시,2319
전북특별자치도,김제시,3204
전북특별자치도,김제시,3318
전북특별자치도,김제시,3570
전북특별자치도,김제시,1248
전북특별자치도,김제시,2416
전북특별자치도,김제시,1647
전북특별자치도,김제시,1677
전북특별자치도,김제시,2416
전북특별자치도,김제시,4886
전북특별자치도,김제시,2121
전북특별자치도,김제시,1823
전북특별자치도,김제시,4403
전북특별자치도,김제시,1268
전북특별자치도,김제시,10798
전북특별자치도,김제시,12548
전북특별자치도,김제시,12192
전북특별자치도,김제시,6126
전북특별자치도,완주군,21741
전북특별자치도,완주군,24171
전북특별자치도,완주군,10677
전북특별자치도,완주군,3991
전북특별자치도,완주군,15081
전북특별자치도,완주군,5607
전북특별자치도,완주군,5442
전북특별자치도,완주군,4299
전북특별자치도,완주군,1724
전북특별자치도,완주군,1853
전북특별자치도,완주군,2549
전북특별자치도,완주군,1031
전북특별자치도,완주군,939
전북특별자치도,진안군,9627
전북특별자치도,진안군,840
전북특별자치도,진안군,1052
전북특별자치도,진안군,1322
전북특별자치도,진안군,794
전북특별자치도,진안군,1885
전북특별자치도,진안군,1706
전북특별자치도,진안군,1698
전북특별자치도,진안군,2819
전북특별자치도,진안군,1041
전북특별자치도,진안군,1425
전북특별자치도,무주군,9338
전북특별자치도,무주군,2109
전북특별자치도,무주군,3785
전북특별자치도,무주군,2512
전북특별자치도,무주군,3983
전북특별자치도,무주군,1339
전북특별자치도,장수군,6942
전북특별자치도,장수군,1925
전북특별자치도,장수군,2163
전북특별자치도,장수군,4145
전북특별자치도,장수군,2008
전북특별자치도,장수군,2041
전북특별자치도,장수군,1475
전북특별자치도,임실군,7180
전북특별자치도,임실군,1207
전북특별자치도,임실군,1554
전북특별자치도,임실군,1362
전북특별자치도,임실군,1534
전북특별자치도,임실군,3361
전북특별자치도,임실군,1246
전북특별자치도,임실군,1412
전북특별자치도,임실군,3090
전북특별자치도,임실군,1368
전북특별자치도,임실군,1127
전북특별자치도,임실군,1163
전북특별자치도,순창군,10427
전북특별자치도,순창군,1426
전북특별자치도,순창군,1900
전북특별자치도,순창군,1589
전북특별자치도,순창군,1712
전북특별자치도,순창군,1383
전북특별자치도,순창군,1859
전북특별자치도,순창군,2033
전북특별자치도,순창군,1243
전북특별자치도,순창군,978
전북특별자치도,순창군,2206
전북특별자치도,고창군,20447
전북특별자치도,고창군,2279
전북특별자치도,고창군,2435
전북특별자치도,고창군,2653
전북특별자치도,고창군,2289
전북특별자치도,고창군,2228
전북특별자치도,고창군,2508
전북특별자치도,고창군,1651
전북특별자치도,고창군,2905
전북특별자치도,고창군,2298
전북특별자치도,고창군,2881
전북특별자치도,고창군,1820
전북특별자치도,고창군,2027
전북특별자치도,고창군,2649
전북특별자치도,부안군,20189
전북특별자치도,부안군,1719
전북특별자치도,부안군,2522
전북특별자치도,부안군,2036
전북특별자치도,부안군,2943
전북특별자치도,부안군,2222
전북특별자치도,부안군,4096
전북특별자치도,부안군,2173
전북특별자치도,부안군,2323
전북특별자치도,부안군,2047
전북특별자치도,부안군,2367
전북특별자치도,부안군,2420
전북특별자치도,부안군,1094
